﻿country,year,region,happiness_rank,happiness_score,economy_GDP_per_capita,family,health_life_expectancy,freedom,trust_government_corruption,generosity,dystopia_residual
Switzerland,2015,Western Europe,1,7.5870,1.3965,1.3495,0.9414,0.6656,0.4198,0.2968,2.5174
Iceland,2015,Western Europe,2,7.5610,1.3023,1.4022,0.9478,0.6288,0.1415,0.4363,2.7020
Denmark,2015,Western Europe,3,7.5270,1.3255,1.3606,0.8746,0.6494,0.4836,0.3414,2.4920
Norway,2015,Western Europe,4,7.5220,1.4590,1.3310,0.8852,0.6697,0.3650,0.3470,2.4653
Canada,2015,North America,5,7.4270,1.3263,1.3226,0.9056,0.6330,0.3296,0.4581,2.4518
Finland,2015,Western Europe,6,7.4060,1.2903,1.3183,0.8891,0.6417,0.4137,0.2335,2.6196
Netherlands,2015,Western Europe,7,7.3780,1.3294,1.2802,0.8928,0.6158,0.3181,0.4761,2.4657
Sweden,2015,Western Europe,8,7.3640,1.3317,1.2891,0.9109,0.6598,0.4384,0.3626,2.3712
New Zealand,2015,Australia and New Zealand,9,7.2860,1.2502,1.3197,0.9084,0.6394,0.4292,0.4750,2.2643
Australia,2015,Australia and New Zealand,10,7.2840,1.3336,1.3092,0.9316,0.6512,0.3564,0.4356,2.2665
Israel,2015,Middle East and Northern Africa,11,7.2780,1.2286,1.2239,0.9139,0.4132,0.0779,0.3317,3.0885
Costa Rica,2015,Latin America and Caribbean,12,7.2260,0.9558,1.2379,0.8603,0.6338,0.1058,0.2550,3.1773
Austria,2015,Western Europe,13,7.2000,1.3372,1.2970,0.8904,0.6243,0.1868,0.3309,2.5332
Mexico,2015,Latin America and Caribbean,14,7.1870,1.0205,0.9145,0.8144,0.4818,0.2131,0.1407,3.6021
United States of America,2015,North America,15,7.1190,1.3945,1.2471,0.8618,0.5460,0.1589,0.4011,2.5101
Brazil,2015,Latin America and Caribbean,16,6.9830,0.9812,1.2329,0.6970,0.4905,0.1752,0.1457,3.2600
Luxembourg,2015,Western Europe,17,6.9460,1.5639,1.2196,0.9189,0.6158,0.3780,0.2803,1.9696
Ireland,2015,Western Europe,18,6.9400,1.3360,1.3695,0.8953,0.6178,0.2870,0.4590,1.9757
United Arab Emirates,2015,Middle East and Northern Africa,20,6.9010,1.4273,1.1258,0.8093,0.6416,0.3858,0.2643,2.2474
United Kingdom,2015,Western Europe,21,6.8670,1.2664,1.2855,0.9094,0.5963,0.3207,0.5191,1.9699
Venezuela,2015,Latin America and Caribbean,23,6.8100,1.0442,1.2560,0.7205,0.4291,0.1107,0.0584,3.1913
Singapore,2015,Southeastern Asia,24,6.7980,1.5219,1.0200,1.0253,0.5425,0.4921,0.3111,1.8850
Panama,2015,Latin America and Caribbean,25,6.7860,1.0635,1.1985,0.7966,0.5421,0.0927,0.2443,2.8485
Germany,2015,Western Europe,26,6.7500,1.3279,1.2994,0.8919,0.6148,0.2184,0.2821,2.1157
Chile,2015,Latin America and Caribbean,27,6.6700,1.1072,1.1245,0.8586,0.4413,0.1287,0.3336,2.6759
France,2015,Western Europe,29,6.5750,1.2778,1.2604,0.9458,0.5501,0.2065,0.1233,2.2113
Argentina,2015,Latin America and Caribbean,30,6.5740,1.0535,1.2482,0.7872,0.4497,0.0848,0.1145,2.8360
Czechia,2015,Central and Eastern Europe,31,6.5050,1.1790,1.2064,0.8448,0.4636,0.0265,0.1069,2.6778
Uruguay,2015,Latin America and Caribbean,32,6.4850,1.0617,1.2089,0.8116,0.6036,0.2456,0.2324,2.3214
Colombia,2015,Latin America and Caribbean,33,6.4770,0.9186,1.2402,0.6908,0.5347,0.0512,0.1840,2.8574
Thailand,2015,Southeastern Asia,34,6.4550,0.9669,1.2650,0.7385,0.5566,0.0319,0.5763,2.3195
Saudi Arabia,2015,Middle East and Northern Africa,35,6.4110,1.3954,1.0839,0.7203,0.3105,0.3252,0.1371,2.4387
Spain,2015,Western Europe,36,6.3290,1.2301,1.3138,0.9556,0.4595,0.0640,0.1823,2.1237
Malta,2015,Western Europe,37,6.3020,1.2074,1.3020,0.8872,0.6037,0.1359,0.5175,1.6488
Kuwait,2015,Middle East and Northern Africa,39,6.2950,1.5542,1.1659,0.7249,0.5550,0.2561,0.1623,1.8763
El Salvador,2015,Latin America and Caribbean,42,6.1300,0.7645,1.0251,0.6774,0.4035,0.1178,0.1069,3.0350
Guatemala,2015,Latin America and Caribbean,43,6.1230,0.7455,1.0436,0.6443,0.5773,0.0947,0.2749,2.7426
Uzbekistan,2015,Central and Eastern Europe,44,6.0030,0.6324,1.3404,0.5977,0.6582,0.3083,0.2284,2.2374
Slovakia,2015,Central and Eastern Europe,45,5.9950,1.1689,1.2700,0.7890,0.3175,0.0343,0.1689,2.2464
Japan,2015,Eastern Asia,46,5.9870,1.2707,1.2571,0.9911,0.4962,0.1806,0.1071,1.6844
South Korea,2015,Eastern Asia,47,5.9840,1.2446,0.9577,0.9654,0.3321,0.0786,0.1856,2.2198
Ecuador,2015,Latin America and Caribbean,48,5.9750,0.8640,0.9990,0.7908,0.4857,0.1809,0.1154,2.5394
Bahrain,2015,Middle East and Northern Africa,49,5.9600,1.3238,1.2162,0.7472,0.4549,0.3060,0.1736,1.7380
Italy,2015,Western Europe,50,5.9480,1.2511,1.1978,0.9545,0.2624,0.0290,0.2282,2.0252
Bolivia,2015,Latin America and Caribbean,51,5.8900,0.6813,0.9784,0.5392,0.5741,0.0880,0.2054,2.8233
Moldova,2015,Central and Eastern Europe,52,5.8890,0.5945,1.0153,0.6183,0.3282,0.0162,0.2095,3.1071
Paraguay,2015,Latin America and Caribbean,53,5.8780,0.7599,1.3048,0.6610,0.5390,0.0824,0.3424,2.1890
Kazakhstan,2015,Central and Eastern Europe,54,5.8550,1.1225,1.1224,0.6437,0.5165,0.0845,0.1183,2.2473
Slovenia,2015,Central and Eastern Europe,55,5.8480,1.1850,1.2739,0.8734,0.6086,0.0379,0.2533,1.6158
Lithuania,2015,Central and Eastern Europe,56,5.8330,1.1472,1.2575,0.7313,0.2134,0.0103,0.0264,2.4465
Nicaragua,2015,Latin America and Caribbean,57,5.8280,0.5933,1.1418,0.7431,0.5548,0.1932,0.2782,2.3241
Peru,2015,Latin America and Caribbean,58,5.8240,0.9002,0.9746,0.7302,0.4150,0.0599,0.1498,2.5945
Belarus,2015,Central and Eastern Europe,59,5.8130,1.0319,1.2329,0.7361,0.3794,0.1909,0.1105,2.1309
Poland,2015,Central and Eastern Europe,60,5.7910,1.1256,1.2795,0.7790,0.5312,0.0421,0.1676,1.8657
Malaysia,2015,Southeastern Asia,61,5.7700,1.1249,1.0702,0.7239,0.5302,0.1050,0.3308,1.8854
Croatia,2015,Central and Eastern Europe,62,5.7590,1.0825,0.7962,0.7881,0.2588,0.0243,0.0544,2.7541
Libya,2015,Middle East and Northern Africa,63,5.7540,1.1315,1.1186,0.7038,0.4167,0.1102,0.1830,2.0907
Russia,2015,Central and Eastern Europe,64,5.7160,1.1376,1.2362,0.6693,0.3668,0.0301,0.0020,2.2739
Jamaica,2015,Latin America and Caribbean,65,5.7090,0.8104,1.1510,0.6874,0.5044,0.0230,0.2123,2.3204
Cyprus,2015,Western Europe,67,5.6890,1.2081,0.8932,0.9236,0.4067,0.0615,0.3064,1.8893
Algeria,2015,Middle East and Northern Africa,68,5.6050,0.9393,1.0777,0.6177,0.2858,0.1738,0.0782,2.4321
Kosovo,2015,Central and Eastern Europe,69,5.5890,0.8015,0.8120,0.6313,0.2475,0.0474,0.2831,2.7658
Turkmenistan,2015,Central and Eastern Europe,70,5.5480,0.9585,1.2267,0.5389,0.4761,0.3084,0.1698,1.8698
Mauritius,2015,Sub-Saharan Africa,71,5.4770,1.0076,0.9852,0.7095,0.5607,0.0752,0.3774,1.7615
Estonia,2015,Central and Eastern Europe,73,5.4290,1.1517,1.2279,0.7736,0.4489,0.1518,0.0868,1.5878
Indonesia,2015,Southeastern Asia,74,5.3990,0.8283,1.0871,0.6379,0.4661,0.0000,0.5154,1.8640
Vietnam,2015,Southeastern Asia,75,5.3600,0.6322,0.9123,0.7468,0.5944,0.1044,0.1686,2.2017
Turkey,2015,Middle East and Northern Africa,76,5.3320,1.0610,0.9463,0.7317,0.2282,0.1575,0.1225,2.0853
Kyrgyzstan,2015,Central and Eastern Europe,77,5.2860,0.4743,1.1512,0.6509,0.4348,0.0423,0.3003,2.2327
Nigeria,2015,Sub-Saharan Africa,78,5.2680,0.6544,0.9043,0.1601,0.3433,0.0403,0.2723,2.8932
Azerbaijan,2015,Central and Eastern Europe,80,5.2120,1.0239,0.9379,0.6405,0.3703,0.1607,0.0780,2.0007
Pakistan,2015,Southern Asia,81,5.1940,0.5954,0.4141,0.5147,0.1210,0.1046,0.3367,3.1071
Jordan,2015,Middle East and Northern Africa,82,5.1920,0.9020,1.0539,0.6964,0.4066,0.1429,0.1105,1.8800
Montenegro,2015,Central and Eastern Europe,82,5.1920,0.9744,0.9056,0.7252,0.1826,0.1430,0.1614,2.1002
China,2015,Eastern Asia,84,5.1400,0.8901,0.9468,0.8166,0.5170,0.0278,0.0819,1.8604
Zambia,2015,Sub-Saharan Africa,85,5.1290,0.4704,0.9161,0.2992,0.4883,0.1247,0.1959,2.6343
Romania,2015,Central and Eastern Europe,86,5.1240,1.0435,0.8859,0.7689,0.3507,0.0065,0.1375,1.9313
Serbia,2015,Central and Eastern Europe,87,5.1230,0.9205,1.0096,0.7484,0.2011,0.0262,0.1923,2.0250
Portugal,2015,Western Europe,88,5.1020,1.1599,1.1394,0.8752,0.5147,0.0108,0.1372,1.2646
Latvia,2015,Central and Eastern Europe,89,5.0980,1.1131,1.0956,0.7244,0.2967,0.0633,0.1823,1.6222
Philippines,2015,Southeastern Asia,90,5.0730,0.7053,1.0352,0.5811,0.6255,0.1228,0.2499,1.7536
Morocco,2015,Middle East and Northern Africa,92,5.0130,0.7348,0.6410,0.6095,0.4169,0.0855,0.0717,2.4537
Albania,2015,Central and Eastern Europe,95,4.9590,0.8787,0.8043,0.8133,0.3573,0.0641,0.1427,1.8989
Bosnia and Herz.,2015,Central and Eastern Europe,96,4.9490,0.8322,0.9192,0.7908,0.0925,0.0023,0.2481,2.0637
Dominican Rep.,2015,Latin America and Caribbean,98,4.8850,0.8954,1.1720,0.6683,0.5767,0.1423,0.2168,1.2131
Mongolia,2015,Eastern Asia,100,4.8740,0.8282,1.3006,0.6027,0.4363,0.0267,0.3323,1.3476
Greece,2015,Western Europe,102,4.8570,1.1541,0.9293,0.8821,0.0770,0.0140,0.0000,1.8010
Lebanon,2015,Middle East and Northern Africa,103,4.8390,1.0256,0.8000,0.8395,0.3392,0.0458,0.2185,1.5706
Hungary,2015,Central and Eastern Europe,104,4.8000,1.1209,1.2022,0.7591,0.3211,0.0276,0.1280,1.2407
Honduras,2015,Latin America and Caribbean,105,4.7880,0.5953,0.9535,0.6951,0.4015,0.0683,0.2303,1.8441
Tajikistan,2015,Central and Eastern Europe,106,4.7860,0.3905,0.8556,0.5738,0.4722,0.1507,0.2297,2.1140
Tunisia,2015,Middle East and Northern Africa,107,4.7390,0.8811,0.6043,0.7379,0.2627,0.0636,0.0643,2.1247
Palestine,2015,Middle East and Northern Africa,108,4.7150,0.5987,0.9256,0.6602,0.2450,0.1291,0.1125,2.0438
Bangladesh,2015,Southern Asia,109,4.6940,0.3975,0.4311,0.6016,0.4082,0.1257,0.2122,2.5177
Iran,2015,Middle East and Northern Africa,110,4.6860,1.0088,0.5445,0.6981,0.3003,0.0586,0.3809,1.6944
Ukraine,2015,Central and Eastern Europe,111,4.6810,0.7991,1.2028,0.6739,0.2512,0.0296,0.1528,1.5714
Iraq,2015,Middle East and Northern Africa,112,4.6770,0.9855,0.8189,0.6024,0.0000,0.1379,0.1792,1.9534
South Africa,2015,Sub-Saharan Africa,113,4.6420,0.9205,1.1847,0.2769,0.3321,0.0888,0.1197,1.7196
Ghana,2015,Sub-Saharan Africa,114,4.6330,0.5456,0.6795,0.4013,0.4234,0.0436,0.2309,2.3092
Zimbabwe,2015,Sub-Saharan Africa,115,4.6100,0.2710,1.0328,0.3348,0.2586,0.0808,0.1899,2.4419
Liberia,2015,Sub-Saharan Africa,116,4.5710,0.0712,0.7897,0.3420,0.2853,0.0623,0.2436,2.7773
India,2015,Southern Asia,117,4.5650,0.6450,0.3817,0.5153,0.3979,0.0849,0.2648,2.2751
Haiti,2015,Latin America and Caribbean,119,4.5180,0.2667,0.7430,0.3885,0.2443,0.1718,0.4619,2.2417
Nepal,2015,Southern Asia,121,4.5140,0.3600,0.8645,0.5687,0.3828,0.0591,0.3230,1.9564
Ethiopia,2015,Sub-Saharan Africa,122,4.5120,0.1907,0.6041,0.4406,0.4345,0.1505,0.2433,2.4488
Sierra Leone,2015,Sub-Saharan Africa,123,4.5070,0.3302,0.9557,0.0000,0.4084,0.0879,0.2149,2.5101
Mauritania,2015,Sub-Saharan Africa,124,4.4360,0.4541,0.8691,0.3587,0.2423,0.1746,0.2190,2.1177
Kenya,2015,Sub-Saharan Africa,125,4.4190,0.3647,0.9988,0.4144,0.4222,0.0584,0.3754,1.7856
Armenia,2015,Central and Eastern Europe,127,4.3500,0.7682,0.7771,0.7299,0.1985,0.0390,0.0786,1.7587
Botswana,2015,Sub-Saharan Africa,128,4.3320,0.9936,1.1046,0.0478,0.4950,0.1247,0.1046,1.4618
Georgia,2015,Central and Eastern Europe,130,4.2970,0.7419,0.3856,0.7293,0.4058,0.3833,0.0555,1.5954
Malawi,2015,Sub-Saharan Africa,131,4.2920,0.0160,0.4113,0.2256,0.4305,0.0698,0.3313,2.8079
Sri Lanka,2015,Southern Asia,132,4.2710,0.8352,1.0191,0.7081,0.5373,0.0918,0.4083,0.6711
Cameroon,2015,Sub-Saharan Africa,133,4.2520,0.4225,0.8877,0.2340,0.4931,0.0579,0.2062,1.9507
Bulgaria,2015,Central and Eastern Europe,134,4.2180,1.0122,1.1061,0.7665,0.3059,0.0087,0.1192,0.8999
Egypt,2015,Middle East and Northern Africa,135,4.1940,0.8818,0.7470,0.6171,0.1729,0.0632,0.1129,1.5993
Yemen,2015,Middle East and Northern Africa,136,4.0770,0.5465,0.6809,0.4006,0.3557,0.0785,0.0913,1.9231
Mali,2015,Sub-Saharan Africa,138,3.9950,0.2607,1.0353,0.2058,0.3886,0.1235,0.1880,1.7929
Congo,2015,Sub-Saharan Africa,139,3.9890,0.6787,0.6629,0.3105,0.4147,0.1169,0.1239,1.6814
Senegal,2015,Sub-Saharan Africa,142,3.9040,0.3650,0.9762,0.4354,0.3677,0.1071,0.2084,1.4440
Gabon,2015,Sub-Saharan Africa,143,3.8960,1.0602,0.9053,0.4337,0.3191,0.1109,0.0682,0.9990
Niger,2015,Sub-Saharan Africa,144,3.8450,0.0694,0.7727,0.2971,0.4769,0.1564,0.1939,1.8788
Cambodia,2015,Southeastern Asia,145,3.8190,0.4604,0.6274,0.6111,0.6625,0.0725,0.4036,0.9820
Tanzania,2015,Sub-Saharan Africa,146,3.7810,0.2852,1.0027,0.3822,0.3288,0.0575,0.3438,1.3808
Madagascar,2015,Sub-Saharan Africa,147,3.6810,0.2082,0.6680,0.4672,0.1918,0.0812,0.2133,1.8510
Chad,2015,Sub-Saharan Africa,149,3.6670,0.3419,0.7606,0.1501,0.2350,0.0527,0.1839,1.9430
Guinea,2015,Sub-Saharan Africa,150,3.6560,0.1742,0.4648,0.2401,0.3773,0.1214,0.2866,1.9917
Côte d'Ivoire,2015,Sub-Saharan Africa,151,3.6550,0.4653,0.7712,0.1519,0.4687,0.1792,0.2017,1.4172
Burkina Faso,2015,Sub-Saharan Africa,152,3.5870,0.2581,0.8519,0.2713,0.3949,0.1283,0.2175,1.4649
Afghanistan,2015,Southern Asia,153,3.5750,0.3198,0.3029,0.3034,0.2341,0.0972,0.3651,1.9521
Rwanda,2015,Sub-Saharan Africa,154,3.4650,0.2221,0.7737,0.4286,0.5920,0.5519,0.2263,0.6704
Benin,2015,Sub-Saharan Africa,155,3.3400,0.2867,0.3539,0.3191,0.4845,0.0801,0.1826,1.6333
Burundi,2015,Sub-Saharan Africa,157,2.9050,0.0153,0.4159,0.2240,0.1185,0.1006,0.1973,1.8330
Togo,2015,Sub-Saharan Africa,158,2.8390,0.2087,0.1400,0.2844,0.3645,0.1073,0.1668,1.5673
Switzerland,2016,Western Europe,2,7.5090,1.5273,1.1452,0.8630,0.5856,0.4120,0.2808,2.6946
Iceland,2016,Western Europe,3,7.5010,1.4267,1.1833,0.8673,0.5662,0.1498,0.4768,2.8314
Denmark,2016,Western Europe,1,7.5260,1.4418,1.1637,0.7950,0.5794,0.4445,0.3617,2.7394
Norway,2016,Western Europe,4,7.4980,1.5774,1.1269,0.7958,0.5961,0.3578,0.3790,2.6647
Canada,2016,North America,6,7.4040,1.4402,1.0961,0.8276,0.5737,0.3133,0.4483,2.7049
Finland,2016,Western Europe,5,7.4130,1.4060,1.1346,0.8109,0.5710,0.4100,0.2549,2.8260
Netherlands,2016,Western Europe,7,7.3390,1.4647,1.0291,0.8123,0.5521,0.2993,0.4742,2.7075
Sweden,2016,Western Europe,10,7.2910,1.4518,1.0876,0.8312,0.5822,0.4087,0.3825,2.5473
New Zealand,2016,Australia and New Zealand,8,7.3340,1.3607,1.1728,0.8310,0.5815,0.4190,0.4940,2.4755
Australia,2016,Australia and New Zealand,9,7.3130,1.4444,1.1048,0.8512,0.5684,0.3233,0.4741,2.5465
Israel,2016,Middle East and Northern Africa,11,7.2670,1.3377,0.9954,0.8492,0.3643,0.0873,0.3229,3.3103
Costa Rica,2016,Latin America and Caribbean,14,7.0870,1.0688,1.0215,0.7615,0.5523,0.1055,0.2255,3.3517
Austria,2016,Western Europe,12,7.1190,1.4504,1.0838,0.8057,0.5436,0.2135,0.3287,2.6934
Mexico,2016,Latin America and Caribbean,21,6.7780,1.1151,0.7146,0.7114,0.3771,0.1836,0.1174,3.5591
United States of America,2016,North America,13,7.1040,1.5080,1.0478,0.7790,0.4816,0.1487,0.4108,2.7278
Brazil,2016,Latin America and Caribbean,17,6.9520,1.0875,1.0394,0.6142,0.4043,0.1417,0.1578,3.5073
Luxembourg,2016,Western Europe,20,6.8710,1.6975,1.0400,0.8454,0.5487,0.3533,0.2757,2.1106
Ireland,2016,Western Europe,19,6.9070,1.4834,1.1616,0.8146,0.5401,0.2975,0.4496,2.1599
United Arab Emirates,2016,Middle East and Northern Africa,28,6.5730,1.5735,0.8711,0.7299,0.5622,0.3556,0.2659,2.2151
United Kingdom,2016,Western Europe,23,6.7250,1.4028,1.0867,0.8099,0.5004,0.2740,0.5016,2.1500
Venezuela,2016,Latin America and Caribbean,44,6.0840,1.1337,1.0330,0.6190,0.1985,0.0830,0.0425,2.9747
Singapore,2016,Southeastern Asia,22,6.7390,1.6456,0.8676,0.9472,0.4877,0.4699,0.3271,1.9938
Panama,2016,Latin America and Caribbean,25,6.7010,1.1831,0.9891,0.7084,0.4893,0.0842,0.2418,3.0056
Germany,2016,Western Europe,16,6.9940,1.4479,1.0977,0.8149,0.5347,0.2855,0.3045,2.5093
Chile,2016,Latin America and Caribbean,24,6.7050,1.2167,0.9059,0.8188,0.3779,0.1145,0.3160,2.9551
France,2016,Western Europe,32,6.4780,1.3949,1.0051,0.8380,0.4656,0.1781,0.1216,2.4744
Argentina,2016,Latin America and Caribbean,26,6.6500,1.1514,1.0661,0.6971,0.4228,0.0730,0.1099,3.1299
Czechia,2016,Central and Eastern Europe,27,6.5960,1.3092,1.0079,0.7638,0.4142,0.0399,0.0993,2.9621
Uruguay,2016,Latin America and Caribbean,29,6.5450,1.1816,1.0314,0.7218,0.5439,0.2139,0.1806,2.6714
Colombia,2016,Latin America and Caribbean,31,6.4810,1.0303,1.0217,0.5966,0.4474,0.0540,0.1563,3.1747
Thailand,2016,Southeastern Asia,33,6.4740,1.0893,1.0448,0.6492,0.4955,0.0283,0.5870,2.5796
Saudi Arabia,2016,Middle East and Northern Africa,34,6.3790,1.4895,0.8483,0.5927,0.3790,0.3001,0.1546,2.6148
Spain,2016,Western Europe,37,6.3610,1.3425,1.1295,0.8790,0.3755,0.0614,0.1767,2.3966
Malta,2016,Western Europe,30,6.4880,1.3078,1.0988,0.8032,0.5499,0.1755,0.5624,1.9903
Kuwait,2016,Middle East and Northern Africa,41,6.2390,1.6171,0.8776,0.6357,0.4317,0.2367,0.1597,2.2809
El Salvador,2016,Latin America and Caribbean,46,6.0680,0.8737,0.8098,0.5960,0.3727,0.1061,0.0888,3.2213
Guatemala,2016,Latin America and Caribbean,39,6.3240,0.8345,0.8712,0.5404,0.5038,0.0870,0.2881,3.1986
Uzbekistan,2016,Central and Eastern Europe,49,5.9870,0.7359,1.1681,0.5016,0.6085,0.2833,0.3433,2.3464
Slovakia,2016,Central and Eastern Europe,45,6.0780,1.2797,1.0827,0.7037,0.2339,0.0295,0.1384,2.6107
Japan,2016,Eastern Asia,53,5.9210,1.3801,1.0605,0.9149,0.4676,0.1899,0.1022,1.8058
South Korea,2016,Eastern Asia,57,5.8350,1.3595,0.7219,0.8865,0.2517,0.0772,0.1882,2.3502
Ecuador,2016,Latin America and Caribbean,51,5.9760,0.9731,0.8597,0.6861,0.4027,0.1804,0.1007,2.7737
Bahrain,2016,Middle East and Northern Africa,42,6.2180,1.4402,0.9440,0.6570,0.4738,0.2577,0.1715,2.2741
Italy,2016,Western Europe,50,5.9770,1.3550,1.0417,0.8510,0.1883,0.0256,0.1668,2.3492
Bolivia,2016,Latin America and Caribbean,59,5.8220,0.7942,0.8378,0.4697,0.5096,0.0775,0.2170,2.9164
Moldova,2016,Central and Eastern Europe,55,5.8970,0.6918,0.8313,0.5231,0.2520,0.0190,0.2000,3.3801
Paraguay,2016,Latin America and Caribbean,70,5.5380,0.8937,1.1111,0.5830,0.4624,0.0740,0.2530,2.1609
Kazakhstan,2016,Central and Eastern Europe,54,5.9190,1.2294,0.9554,0.5739,0.4052,0.1113,0.1501,2.4933
Slovenia,2016,Central and Eastern Europe,63,5.7680,1.2995,1.0561,0.7915,0.5316,0.0364,0.2574,1.7952
Lithuania,2016,Central and Eastern Europe,60,5.8130,1.2692,1.0641,0.6467,0.1893,0.0182,0.0203,2.6053
Nicaragua,2016,Latin America and Caribbean,48,5.9920,0.6938,0.8952,0.6521,0.4658,0.1629,0.2977,2.8243
Peru,2016,Latin America and Caribbean,64,5.7430,0.9960,0.8126,0.6299,0.3750,0.0529,0.1453,2.7312
Belarus,2016,Central and Eastern Europe,61,5.8020,1.1306,1.0499,0.6310,0.2909,0.1746,0.1394,2.3858
Poland,2016,Central and Eastern Europe,57,5.8350,1.2459,1.0469,0.6906,0.4519,0.0550,0.1444,2.2004
Malaysia,2016,Southeastern Asia,47,6.0050,1.2514,0.8803,0.6237,0.3903,0.0908,0.4147,2.3538
Croatia,2016,Central and Eastern Europe,74,5.4880,1.1865,0.6081,0.7052,0.2391,0.0400,0.1843,2.5246
Libya,2016,Middle East and Northern Africa,67,5.6150,1.0669,0.9508,0.5230,0.4067,0.1034,0.1709,2.3937
Russia,2016,Central and Eastern Europe,56,5.8560,1.2323,1.0526,0.5899,0.3268,0.0359,0.0274,2.5912
Jamaica,2016,Latin America and Caribbean,73,5.5100,0.8933,0.9637,0.5947,0.4360,0.0429,0.2225,2.3568
Cyprus,2016,Western Europe,69,5.5460,1.3186,0.7070,0.8488,0.2951,0.0523,0.2791,2.0450
Algeria,2016,Middle East and Northern Africa,38,6.3550,1.0527,0.8331,0.6180,0.2101,0.1616,0.0704,3.4090
Kosovo,2016,Central and Eastern Europe,77,5.4010,0.9015,0.6606,0.5400,0.1440,0.0655,0.2799,2.8100
Turkmenistan,2016,Central and Eastern Europe,65,5.6580,1.0802,1.0382,0.4401,0.3741,0.2847,0.2257,2.2149
Mauritius,2016,Sub-Saharan Africa,66,5.6480,1.1437,0.7570,0.6619,0.4615,0.0520,0.3695,2.2022
Estonia,2016,Central and Eastern Europe,72,5.5170,1.2796,1.0516,0.6810,0.4151,0.1852,0.0842,1.8199
Indonesia,2016,Southeastern Asia,79,5.3140,0.9510,0.8763,0.4937,0.3924,0.0032,0.5652,2.0317
Vietnam,2016,Southeastern Asia,96,5.0610,0.7404,0.7912,0.6616,0.5595,0.1156,0.2508,1.9418
Turkey,2016,Middle East and Northern Africa,78,5.3890,1.1649,0.8772,0.6472,0.2389,0.1235,0.0471,2.2907
Kyrgyzstan,2016,Central and Eastern Europe,85,5.1850,0.5604,0.9543,0.5545,0.4021,0.0476,0.3843,2.2814
Nigeria,2016,Sub-Saharan Africa,103,4.8750,0.7522,0.6450,0.0511,0.2785,0.0305,0.2322,2.8859
Azerbaijan,2016,Central and Eastern Europe,81,5.2910,1.1237,0.7604,0.5450,0.3533,0.1791,0.0564,2.2735
Pakistan,2016,Southern Asia,92,5.1320,0.6882,0.2614,0.4031,0.1462,0.1388,0.3119,3.1829
Jordan,2016,Middle East and Northern Africa,80,5.3030,0.9967,0.8622,0.6071,0.3602,0.1330,0.1426,2.2014
Montenegro,2016,Central and Eastern Europe,88,5.1610,1.0784,0.7417,0.6353,0.1511,0.1272,0.1719,2.2553
China,2016,Eastern Asia,83,5.2450,1.0278,0.7938,0.7356,0.4401,0.0275,0.0496,2.1709
Zambia,2016,Sub-Saharan Africa,106,4.7950,0.6120,0.6376,0.2357,0.4266,0.1148,0.1787,2.5899
Romania,2016,Central and Eastern Europe,71,5.5280,1.1697,0.7280,0.6760,0.3671,0.0068,0.1289,2.4518
Serbia,2016,Central and Eastern Europe,86,5.1770,1.0344,0.8133,0.6458,0.1572,0.0434,0.2074,2.2754
Portugal,2016,Western Europe,94,5.1230,1.2761,0.9437,0.7936,0.4473,0.0152,0.1169,1.5302
Latvia,2016,Central and Eastern Europe,68,5.5600,1.2179,0.9503,0.6395,0.2800,0.0889,0.1745,2.2086
Philippines,2016,Southeastern Asia,82,5.2790,0.8122,0.8788,0.4704,0.5485,0.1176,0.2167,2.2348
Morocco,2016,Middle East and Northern Africa,90,5.1510,0.8406,0.3860,0.5947,0.2565,0.0840,0.0405,2.9489
Albania,2016,Central and Eastern Europe,109,4.6550,0.9553,0.5016,0.7301,0.3187,0.0530,0.1684,1.9282
Bosnia and Herz.,2016,Central and Eastern Europe,87,5.1630,0.9338,0.6437,0.7077,0.0951,0.0000,0.2989,2.4841
Dominican Rep.,2016,Latin America and Caribbean,89,5.1550,1.0279,0.9950,0.5767,0.5226,0.1237,0.2129,1.6963
Mongolia,2016,Eastern Asia,101,4.9070,0.9885,1.0898,0.5547,0.3597,0.0329,0.3454,1.5359
Greece,2016,Western Europe,99,5.0330,1.2489,0.7547,0.8003,0.0582,0.0413,0.0000,2.1294
Lebanon,2016,Middle East and Northern Africa,93,5.1290,1.1227,0.6418,0.7617,0.2623,0.0306,0.2369,2.0734
Hungary,2016,Central and Eastern Europe,91,5.1450,1.2414,0.9316,0.6761,0.1977,0.0447,0.0990,1.9547
Honduras,2016,Latin America and Caribbean,104,4.8710,0.6943,0.7560,0.5838,0.2676,0.0691,0.2044,2.2955
Tajikistan,2016,Central and Eastern Europe,100,4.9960,0.4884,0.7560,0.5312,0.4341,0.1351,0.2600,2.3911
Tunisia,2016,Middle East and Northern Africa,98,5.0450,0.9772,0.4317,0.5958,0.2355,0.0817,0.0394,2.6841
Palestine,2016,Middle East and Northern Africa,108,4.7540,0.6702,0.7163,0.5684,0.1774,0.1061,0.1115,2.4036
Bangladesh,2016,Southern Asia,110,4.6430,0.5418,0.2475,0.5299,0.3978,0.1258,0.1913,2.6090
Iran,2016,Middle East and Northern Africa,105,4.8130,1.1176,0.3886,0.6423,0.2254,0.0557,0.3854,1.9982
Ukraine,2016,Central and Eastern Europe,123,4.3240,0.8729,1.0141,0.5863,0.1286,0.0183,0.2036,1.5007
Iraq,2016,Middle East and Northern Africa,112,4.5750,1.0747,0.5921,0.5108,0.2486,0.1364,0.1959,1.8166
South Africa,2016,Sub-Saharan Africa,116,4.4590,1.0242,0.9605,0.1861,0.4248,0.0842,0.1366,1.6423
Ghana,2016,Sub-Saharan Africa,124,4.2760,0.6311,0.4935,0.2968,0.4097,0.0326,0.2120,2.2002
Zimbabwe,2016,Sub-Saharan Africa,131,4.1930,0.3504,0.7148,0.1595,0.2543,0.0858,0.1850,2.4427
Liberia,2016,Sub-Saharan Africa,150,3.6220,0.1071,0.5035,0.2317,0.2575,0.0485,0.2406,2.2328
India,2016,Southern Asia,118,4.4040,0.7404,0.2925,0.4509,0.4029,0.0872,0.2503,2.1803
Haiti,2016,Latin America and Caribbean,136,4.0280,0.3410,0.2956,0.2749,0.1207,0.1448,0.4796,2.3712
Nepal,2016,Southern Asia,107,4.7930,0.4463,0.6970,0.5007,0.3701,0.0701,0.3816,2.3269
Ethiopia,2016,Sub-Saharan Africa,115,4.5080,0.2928,0.3793,0.3458,0.3670,0.1717,0.2952,2.6561
Sierra Leone,2016,Sub-Saharan Africa,111,4.6350,0.3649,0.6280,0.0000,0.3069,0.0820,0.2390,3.0140
Mauritania,2016,Sub-Saharan Africa,130,4.2010,0.6139,0.8414,0.2864,0.1268,0.1796,0.2269,1.9263
Kenya,2016,Sub-Saharan Africa,122,4.3560,0.5227,0.7624,0.3015,0.4058,0.0669,0.4133,1.8833
Armenia,2016,Central and Eastern Europe,121,4.3600,0.8609,0.6248,0.6408,0.1404,0.0362,0.0779,1.9786
Botswana,2016,Sub-Saharan Africa,137,3.9740,1.0943,0.8919,0.3475,0.4409,0.1077,0.1243,0.9674
Georgia,2016,Central and Eastern Europe,126,4.2520,0.8379,0.1925,0.6404,0.3246,0.3188,0.0679,1.8703
Malawi,2016,Sub-Saharan Africa,132,4.1560,0.0871,0.1470,0.2936,0.4143,0.0756,0.3097,2.8286
Sri Lanka,2016,Southern Asia,117,4.4150,0.9732,0.8478,0.6201,0.5082,0.0796,0.4698,0.9168
Cameroon,2016,Sub-Saharan Africa,114,4.5130,0.5250,0.6254,0.1270,0.4274,0.0613,0.2268,2.5198
Bulgaria,2016,Central and Eastern Europe,129,4.2170,1.1131,0.9254,0.6781,0.2122,0.0062,0.1279,1.1538
Egypt,2016,Middle East and Northern Africa,120,4.3620,0.9540,0.4981,0.5212,0.1885,0.1039,0.1271,1.9690
Yemen,2016,Middle East and Northern Africa,147,3.7240,0.5794,0.4749,0.3105,0.2287,0.0589,0.0982,1.9730
Mali,2016,Sub-Saharan Africa,135,4.0730,0.3129,0.8633,0.1635,0.2754,0.1365,0.2106,2.1109
Congo,2016,Sub-Saharan Africa,127,4.2360,0.7711,0.4780,0.2821,0.3794,0.0975,0.1208,2.1068
Senegal,2016,Sub-Saharan Africa,128,4.2190,0.4431,0.7742,0.4046,0.3106,0.1168,0.1910,1.9786
Gabon,2016,Sub-Saharan Africa,134,4.1210,1.1585,0.7237,0.3494,0.2810,0.0931,0.0624,1.4533
Niger,2016,Sub-Saharan Africa,142,3.8560,0.1327,0.6053,0.2616,0.3804,0.1718,0.2097,2.0947
Cambodia,2016,Southeastern Asia,140,3.9070,0.5560,0.5375,0.4249,0.5885,0.0809,0.4034,1.3157
Tanzania,2016,Sub-Saharan Africa,149,3.6660,0.4716,0.7762,0.3570,0.3176,0.0510,0.3147,1.3777
Madagascar,2016,Sub-Saharan Africa,148,3.6950,0.2795,0.4612,0.3711,0.1368,0.0751,0.2204,2.1508
Chad,2016,Sub-Saharan Africa,144,3.7630,0.4221,0.6318,0.0382,0.1281,0.0495,0.1867,2.3064
Guinea,2016,Sub-Saharan Africa,151,3.6070,0.2242,0.3109,0.1883,0.3095,0.1192,0.2991,2.1560
Côte d'Ivoire,2016,Sub-Saharan Africa,139,3.9160,0.5551,0.5758,0.0448,0.4066,0.1553,0.2034,1.9748
Burkina Faso,2016,Sub-Saharan Africa,145,3.7390,0.3200,0.6305,0.2130,0.3337,0.1253,0.2435,1.8732
Afghanistan,2016,Southern Asia,154,3.3600,0.3823,0.1104,0.1734,0.1643,0.0711,0.3127,2.1456
Rwanda,2016,Sub-Saharan Africa,152,3.5150,0.3285,0.6159,0.3187,0.5432,0.5052,0.2355,0.9682
Benin,2016,Sub-Saharan Africa,153,3.4840,0.3950,0.1042,0.2103,0.3975,0.0668,0.2018,2.1081
Burundi,2016,Sub-Saharan Africa,157,2.9050,0.0683,0.2344,0.1575,0.0432,0.0942,0.2029,2.1040
Togo,2016,Sub-Saharan Africa,155,3.3030,0.2812,0.0000,0.2481,0.3468,0.1159,0.1752,2.1354
Switzerland,2017,Western Europe,4,7.4940,1.5650,1.5169,0.8581,0.6201,0.3670,0.2905,2.2767
Iceland,2017,Western Europe,3,7.5040,1.4806,1.6106,0.8336,0.6272,0.1535,0.4755,2.3227
Denmark,2017,Western Europe,2,7.5220,1.4824,1.5511,0.7926,0.6260,0.4008,0.3553,2.3137
Norway,2017,Western Europe,1,7.5370,1.6165,1.5335,0.7967,0.6354,0.3160,0.3620,2.2770
Canada,2017,North America,7,7.3160,1.4792,1.4813,0.8346,0.6111,0.2874,0.4355,2.1873
Finland,2017,Western Europe,5,7.4690,1.4436,1.5402,0.8092,0.6180,0.3826,0.2455,2.4302
Netherlands,2017,Western Europe,6,7.3770,1.5039,1.4289,0.8107,0.5854,0.2827,0.4705,2.2948
Sweden,2017,Western Europe,9,7.2840,1.4944,1.4782,0.8309,0.6129,0.3844,0.3854,2.0975
New Zealand,2017,Australia and New Zealand,8,7.3140,1.4057,1.5482,0.8168,0.6141,0.3828,0.5000,2.0465
Australia,2017,Australia and New Zealand,10,7.2840,1.4844,1.5100,0.8439,0.6016,0.3012,0.4777,2.0652
Israel,2017,Middle East and Northern Africa,11,7.2130,1.3754,1.3763,0.8384,0.4060,0.0852,0.3301,2.8018
Costa Rica,2017,Latin America and Caribbean,12,7.0790,1.1097,1.4164,0.7595,0.5801,0.1001,0.2146,2.8986
Austria,2017,Western Europe,13,7.0060,1.4871,1.4599,0.8153,0.5678,0.2211,0.3165,2.1385
Mexico,2017,Latin America and Caribbean,25,6.5780,1.1532,1.2109,0.7100,0.4127,0.1328,0.1210,2.8372
United States of America,2017,North America,14,6.9930,1.5463,1.4199,0.7743,0.5057,0.1356,0.3926,2.2181
Brazil,2017,Latin America and Caribbean,22,6.6350,1.1074,1.4313,0.6166,0.4375,0.1111,0.1623,2.7693
Luxembourg,2017,Western Europe,18,6.8630,1.7419,1.4576,0.8451,0.5966,0.3188,0.2832,1.6195
Ireland,2017,Western Europe,15,6.9770,1.5357,1.5582,0.8098,0.5731,0.2984,0.4279,1.7739
United Arab Emirates,2017,Middle East and Northern Africa,21,6.6480,1.6263,1.2664,0.7268,0.6083,0.3245,0.3609,1.7347
United Kingdom,2017,Western Europe,19,6.7140,1.4416,1.4965,0.8053,0.5082,0.2654,0.4928,1.7041
Venezuela,2017,Latin America and Caribbean,82,5.2500,1.1284,1.4313,0.6171,0.1540,0.0645,0.0650,1.7895
Singapore,2017,Southeastern Asia,26,6.5720,1.6923,1.3538,0.9495,0.5498,0.4643,0.3460,1.2164
Panama,2017,Latin America and Caribbean,30,6.4520,1.2337,1.3732,0.7062,0.5500,0.0710,0.2106,2.3072
Germany,2017,Western Europe,16,6.9510,1.4879,1.4725,0.7990,0.5625,0.2767,0.3363,2.0158
Chile,2017,Latin America and Caribbean,20,6.6520,1.2528,1.2840,0.8195,0.3769,0.0823,0.3267,2.5096
France,2017,Western Europe,31,6.4420,1.4309,1.3878,0.8445,0.4702,0.1725,0.1298,2.0060
Argentina,2017,Latin America and Caribbean,24,6.5990,1.1853,1.4405,0.6951,0.4945,0.0597,0.1095,2.6140
Czechia,2017,Central and Eastern Europe,23,6.6090,1.3527,1.4339,0.7544,0.4909,0.0369,0.0881,2.4519
Uruguay,2017,Latin America and Caribbean,28,6.4540,1.2176,1.4122,0.7192,0.5794,0.1781,0.1751,2.1724
Colombia,2017,Latin America and Caribbean,36,6.3570,1.0706,1.4022,0.5950,0.4775,0.0467,0.1490,2.6161
Thailand,2017,Southeastern Asia,32,6.4240,1.1279,1.4258,0.6472,0.5802,0.0316,0.5721,2.0395
Saudi Arabia,2017,Middle East and Northern Africa,37,6.3440,1.5306,1.2867,0.5901,0.4498,0.2734,0.1476,2.0654
Spain,2017,Western Europe,34,6.4030,1.3844,1.5321,0.8890,0.4088,0.0709,0.1901,1.9278
Malta,2017,Western Europe,27,6.5270,1.3433,1.4884,0.8219,0.5888,0.1531,0.5747,1.5569
Kuwait,2017,Middle East and Northern Africa,39,6.1050,1.6330,1.2597,0.6321,0.4963,0.2152,0.2283,1.6404
El Salvador,2017,Latin America and Caribbean,45,6.0030,0.9098,1.1821,0.5960,0.4325,0.0900,0.0783,2.7146
Guatemala,2017,Latin America and Caribbean,29,6.4540,0.8720,1.2556,0.5402,0.5313,0.0772,0.2835,2.8939
Uzbekistan,2017,Central and Eastern Europe,47,5.9710,0.7864,1.5490,0.4983,0.6582,0.2465,0.4160,1.8169
Slovakia,2017,Central and Eastern Europe,40,6.0980,1.3254,1.5051,0.7127,0.2958,0.0242,0.1365,2.0978
Japan,2017,Eastern Asia,51,5.9200,1.4169,1.4363,0.9135,0.5056,0.1638,0.1206,1.3632
South Korea,2017,Eastern Asia,55,5.8380,1.4017,1.1283,0.9002,0.2579,0.0633,0.2067,1.8804
Ecuador,2017,Latin America and Caribbean,44,6.0080,1.0008,1.2862,0.6856,0.4552,0.1401,0.1501,2.2904
Bahrain,2017,Middle East and Northern Africa,41,6.0870,1.4884,1.3231,0.6531,0.5367,0.2570,0.1727,1.6561
Italy,2017,Western Europe,48,5.9640,1.3951,1.4449,0.8531,0.2565,0.0280,0.1728,1.8133
Bolivia,2017,Latin America and Caribbean,58,5.8230,0.8338,1.2276,0.4736,0.5587,0.0605,0.2256,2.4433
Moldova,2017,Central and Eastern Europe,56,5.8380,0.7289,1.2518,0.5895,0.2407,0.0101,0.2088,2.8078
Paraguay,2017,Latin America and Caribbean,70,5.4930,0.9325,1.5073,0.5793,0.4735,0.0911,0.2242,1.6853
Kazakhstan,2017,Central and Eastern Europe,60,5.8190,1.2846,1.3844,0.6060,0.4375,0.1193,0.2020,1.7849
Slovenia,2017,Central and Eastern Europe,62,5.7580,1.3412,1.4525,0.7908,0.5726,0.0451,0.2426,1.3133
Lithuania,2017,Central and Eastern Europe,52,5.9020,1.3146,1.4735,0.6289,0.2342,0.0119,0.0102,2.2284
Nicaragua,2017,Latin America and Caribbean,43,6.0710,0.7373,1.2872,0.6531,0.4476,0.1307,0.3017,2.5139
Peru,2017,Latin America and Caribbean,63,5.7150,1.0352,1.2188,0.6302,0.4500,0.0470,0.1268,2.2073
Belarus,2017,Central and Eastern Europe,67,5.5690,1.1566,1.4449,0.6377,0.2954,0.1563,0.1551,1.7232
Poland,2017,Central and Eastern Europe,46,5.9730,1.2918,1.4457,0.6995,0.5203,0.0593,0.1585,1.7977
Malaysia,2017,Southeastern Asia,42,6.0840,1.2912,1.2846,0.6188,0.4023,0.0656,0.4166,2.0044
Croatia,2017,Central and Eastern Europe,77,5.2930,1.2226,0.9680,0.7013,0.2558,0.0431,0.2480,1.8545
Libya,2017,Middle East and Northern Africa,68,5.5250,1.1018,1.3576,0.5202,0.4657,0.0926,0.1521,1.8350
Russia,2017,Central and Eastern Europe,49,5.9630,1.2818,1.4693,0.5473,0.3738,0.0330,0.0523,2.2056
Jamaica,2017,Latin America and Caribbean,76,5.3110,0.9256,1.3682,0.6410,0.4743,0.0553,0.2338,1.6123
Cyprus,2017,Western Europe,65,5.6210,1.3559,1.1314,0.8447,0.3551,0.0412,0.2713,1.6212
Algeria,2017,Middle East and Northern Africa,53,5.8720,1.0919,1.1462,0.6176,0.2333,0.1461,0.0694,2.5676
Kosovo,2017,Central and Eastern Europe,78,5.2790,0.9515,1.1379,0.5415,0.2603,0.0575,0.3199,2.0105
Turkmenistan,2017,Central and Eastern Europe,59,5.8220,1.1308,1.4931,0.4377,0.4183,0.2593,0.2499,1.8329
Mauritius,2017,Sub-Saharan Africa,64,5.6290,1.1894,1.2096,0.6380,0.4912,0.0422,0.3609,1.6976
Estonia,2017,Central and Eastern Europe,66,5.6110,1.3209,1.4767,0.6952,0.4791,0.1832,0.0989,1.3575
Indonesia,2017,Southeastern Asia,81,5.2620,0.9955,1.2744,0.4923,0.4433,0.0153,0.6117,1.4295
Vietnam,2017,Southeastern Asia,94,5.0740,0.7885,1.2775,0.6522,0.5711,0.0876,0.2350,1.4623
Turkey,2017,Middle East and Northern Africa,69,5.5000,1.1983,1.3378,0.6376,0.3007,0.0997,0.0467,1.8793
Kyrgyzstan,2017,Central and Eastern Europe,98,5.0040,0.5962,1.3942,0.5535,0.4549,0.0394,0.4286,1.5367
Nigeria,2017,Sub-Saharan Africa,95,5.0740,0.7838,1.2158,0.0569,0.3950,0.0261,0.2309,2.3654
Azerbaijan,2017,Central and Eastern Europe,85,5.2340,1.1536,1.1524,0.5408,0.3982,0.1810,0.0453,1.7625
Pakistan,2017,Southern Asia,80,5.2690,0.7269,0.6727,0.4020,0.2352,0.1243,0.3154,2.7925
Jordan,2017,Middle East and Northern Africa,74,5.3360,0.9910,1.2391,0.6046,0.4184,0.1198,0.1722,1.7912
Montenegro,2017,Central and Eastern Europe,83,5.2370,1.1211,1.2384,0.6675,0.1950,0.0882,0.1979,1.7292
China,2017,Eastern Asia,79,5.2730,1.0812,1.1608,0.7414,0.4728,0.0228,0.0288,1.7649
Zambia,2017,Sub-Saharan Africa,116,4.5140,0.6364,1.0032,0.2578,0.4616,0.0782,0.2496,1.8267
Romania,2017,Central and Eastern Europe,57,5.8250,1.2177,1.1501,0.6852,0.4570,0.0044,0.1335,2.1768
Serbia,2017,Central and Eastern Europe,73,5.3950,1.0693,1.2582,0.6508,0.2087,0.0409,0.2201,1.9471
Portugal,2017,Western Europe,89,5.1950,1.3152,1.3670,0.7958,0.4985,0.0159,0.0951,1.1077
Latvia,2017,Central and Eastern Europe,54,5.8500,1.2607,1.4047,0.6386,0.3257,0.0738,0.1531,1.9937
Philippines,2017,Southeastern Asia,72,5.4300,0.8577,1.2539,0.4680,0.5852,0.0993,0.1935,1.9726
Morocco,2017,Middle East and Northern Africa,84,5.2350,0.8781,0.7749,0.5977,0.4082,0.0878,0.0322,2.4562
Albania,2017,Central and Eastern Europe,109,4.6440,0.9962,0.8037,0.7312,0.3815,0.0399,0.2013,1.4904
Bosnia and Herz.,2017,Central and Eastern Europe,90,5.1820,0.9824,1.0693,0.7052,0.2044,0.0000,0.3289,1.8922
Dominican Rep.,2017,Latin America and Caribbean,86,5.2300,1.0794,1.4024,0.5749,0.5526,0.1139,0.1870,1.3195
Mongolia,2017,Eastern Asia,100,4.9550,1.0272,1.4930,0.5578,0.3941,0.0329,0.3385,1.1113
Greece,2017,Western Europe,87,5.2270,1.2895,1.2394,0.8102,0.0957,0.0433,0.0000,1.7492
Lebanon,2017,Middle East and Northern Africa,88,5.2250,1.0750,1.1296,0.7351,0.2885,0.0375,0.2645,1.6951
Hungary,2017,Central and Eastern Europe,75,5.3240,1.2860,1.3431,0.6878,0.1759,0.0366,0.0784,1.7165
Honduras,2017,Latin America and Caribbean,91,5.1810,0.7306,1.1439,0.5826,0.3481,0.0733,0.2362,2.0658
Tajikistan,2017,Central and Eastern Europe,96,5.0410,0.5247,1.2715,0.5292,0.4716,0.1464,0.2490,1.8490
Tunisia,2017,Middle East and Northern Africa,102,4.8050,1.0073,0.8684,0.6132,0.2897,0.0867,0.0497,1.8903
Palestine,2017,Middle East and Northern Africa,103,4.7750,0.7162,1.1556,0.5657,0.2547,0.0893,0.1142,1.8789
Bangladesh,2017,Southern Asia,110,4.6080,0.5867,0.7351,0.5332,0.4784,0.1237,0.1723,1.9787
Iran,2017,Middle East and Northern Africa,108,4.6920,1.1569,0.7116,0.6393,0.2493,0.0488,0.3872,1.4987
Ukraine,2017,Central and Eastern Europe,132,4.0960,0.8947,1.3945,0.5759,0.1230,0.0230,0.2701,0.8144
Iraq,2017,Middle East and Northern Africa,117,4.4970,1.1027,0.9786,0.5012,0.2886,0.1072,0.1996,1.3189
South Africa,2017,Sub-Saharan Africa,101,4.8290,1.0547,1.3848,0.1871,0.4792,0.0725,0.1394,1.5109
Ghana,2017,Sub-Saharan Africa,131,4.1200,0.6672,0.8737,0.2956,0.4230,0.0253,0.2569,1.5779
Zimbabwe,2017,Sub-Saharan Africa,138,3.8750,0.3758,1.0831,0.1968,0.3364,0.0954,0.1891,1.5980
Liberia,2017,Sub-Saharan Africa,148,3.5330,0.1190,0.8721,0.2299,0.3329,0.0389,0.2665,1.6733
India,2017,Southern Asia,122,4.3150,0.7922,0.7544,0.4554,0.4700,0.0922,0.2315,1.5191
Haiti,2017,Latin America and Caribbean,145,3.6030,0.3686,0.6404,0.2773,0.0304,0.0999,0.4892,1.6972
Nepal,2017,Southern Asia,99,4.9620,0.4798,1.1793,0.5041,0.4403,0.0730,0.3941,1.8912
Ethiopia,2017,Sub-Saharan Africa,119,4.4600,0.3392,0.8647,0.3534,0.4088,0.1655,0.3127,2.0157
Sierra Leone,2017,Sub-Saharan Africa,106,4.7090,0.3684,0.9841,0.0056,0.3187,0.0711,0.2930,2.6685
Mauritania,2017,Sub-Saharan Africa,123,4.2920,0.6485,1.2720,0.2853,0.0961,0.1370,0.2019,1.6516
Kenya,2017,Sub-Saharan Africa,112,4.5530,0.5605,1.0680,0.3100,0.4528,0.0646,0.4449,1.6519
Armenia,2017,Central and Eastern Europe,121,4.3760,0.9006,1.0075,0.6375,0.1983,0.0267,0.0835,1.5215
Botswana,2017,Sub-Saharan Africa,142,3.7660,1.1221,1.2216,0.3418,0.5052,0.0986,0.0993,0.3779
Georgia,2017,Central and Eastern Europe,125,4.2860,0.9506,0.5706,0.6495,0.3094,0.2517,0.0540,1.5001
Malawi,2017,Sub-Saharan Africa,136,3.9700,0.2334,0.5126,0.3151,0.4669,0.0727,0.2872,2.0818
Sri Lanka,2017,Southern Asia,120,4.4400,1.0099,1.2600,0.6251,0.5612,0.0737,0.4909,0.4194
Cameroon,2017,Sub-Saharan Africa,107,4.6950,0.5643,0.9460,0.1329,0.4304,0.0513,0.2363,2.3336
Bulgaria,2017,Central and Eastern Europe,105,4.7140,1.1615,1.4344,0.7082,0.2892,0.0111,0.1132,0.9961
Egypt,2017,Middle East and Northern Africa,104,4.7350,0.9897,0.9975,0.5202,0.2821,0.1144,0.1286,1.7022
Yemen,2017,Middle East and Northern Africa,146,3.5930,0.5917,0.9354,0.3101,0.2495,0.0568,0.1041,1.3456
Mali,2017,Sub-Saharan Africa,127,4.1900,0.4762,1.2815,0.1694,0.3066,0.1050,0.1834,1.6682
Congo,2017,Sub-Saharan Africa,124,4.2910,0.8090,0.8320,0.2900,0.4350,0.0796,0.1209,1.7241
Senegal,2017,Sub-Saharan Africa,115,4.5350,0.4793,1.1797,0.4094,0.3779,0.1155,0.1835,1.7896
Gabon,2017,Sub-Saharan Africa,118,4.4650,1.1982,1.1556,0.3566,0.3123,0.0760,0.0438,1.3229
Niger,2017,Sub-Saharan Africa,135,4.0280,0.1619,0.9930,0.2685,0.3637,0.1386,0.2287,1.8740
Cambodia,2017,Southeastern Asia,129,4.1680,0.6018,1.0062,0.4298,0.6334,0.0681,0.3859,1.0429
Tanzania,2017,Sub-Saharan Africa,153,3.3490,0.5111,1.0420,0.3645,0.3900,0.0660,0.3543,0.6211
Madagascar,2017,Sub-Saharan Africa,144,3.6440,0.3058,0.9130,0.3752,0.1892,0.0672,0.2087,1.5846
Chad,2017,Sub-Saharan Africa,137,3.9360,0.4380,0.9539,0.0411,0.1623,0.0536,0.2161,2.0712
Guinea,2017,Sub-Saharan Africa,149,3.5070,0.2445,0.7912,0.1941,0.3486,0.1109,0.2648,1.5523
Côte d'Ivoire,2017,Sub-Saharan Africa,128,4.1800,0.6030,0.9048,0.0486,0.4477,0.1301,0.2012,1.8450
Burkina Faso,2017,Sub-Saharan Africa,134,4.0320,0.3502,1.0433,0.2158,0.3244,0.1203,0.2509,1.7272
Afghanistan,2017,Southern Asia,141,3.7940,0.4015,0.5815,0.1807,0.1062,0.0612,0.3119,2.1508
Rwanda,2017,Sub-Saharan Africa,151,3.4710,0.3687,0.9457,0.3264,0.5818,0.4552,0.2528,0.5401
Benin,2017,Sub-Saharan Africa,143,3.6570,0.4311,0.4353,0.2099,0.4260,0.0609,0.2079,1.8856
Burundi,2017,Sub-Saharan Africa,154,2.9050,0.0916,0.6298,0.1516,0.0599,0.0841,0.2044,1.6830
Togo,2017,Sub-Saharan Africa,150,3.4950,0.3054,0.4319,0.2471,0.3804,0.0957,0.1969,1.8372
Switzerland,2018,Western Europe,139,7.4870,1.4200,1.5490,0.9270,0.6600,0.3570,0.2560,2.3180
Iceland,2018,Western Europe,5,7.4950,1.3430,1.6440,0.9140,0.6770,0.1380,0.3530,2.4260
Denmark,2018,Western Europe,4,7.5550,1.3510,1.5900,0.8680,0.6830,0.4080,0.2840,2.3710
Norway,2018,Western Europe,3,7.5940,1.4560,1.5820,0.8610,0.6860,0.3400,0.2860,2.3830
Canada,2018,North America,2,7.3280,1.3300,1.5320,0.8960,0.6530,0.2910,0.3210,2.3050
Finland,2018,Western Europe,7,7.6320,1.3050,1.5920,0.8740,0.6810,0.3930,0.2020,2.5850
Netherlands,2018,Western Europe,1,7.4410,1.3610,1.4880,0.8780,0.6380,0.2950,0.3330,2.4480
Sweden,2018,Western Europe,6,7.3140,1.3550,1.5010,0.9130,0.6590,0.3830,0.2850,2.2180
New Zealand,2018,Australia and New Zealand,9,7.3240,1.2680,1.6010,0.8760,0.6690,0.3890,0.3650,2.1560
Australia,2018,Australia and New Zealand,8,7.2720,1.3400,1.5730,0.9100,0.6470,0.3020,0.3610,2.1390
Israel,2018,Middle East and Northern Africa,10,6.8140,1.3010,1.5590,0.8830,0.5330,0.2720,0.3540,1.9120
Costa Rica,2018,Latin America and Caribbean,19,7.0720,1.0100,1.4590,0.8170,0.6320,0.1010,0.1430,2.9100
Austria,2018,Western Europe,13,7.1390,1.3410,1.5040,0.8910,0.6170,0.2240,0.2420,2.3200
Mexico,2018,Latin America and Caribbean,12,6.4880,1.0380,1.2520,0.7610,0.4790,0.0950,0.0690,2.7940
United States of America,2018,North America,24,6.8860,1.3980,1.4710,0.8190,0.5470,0.1330,0.2910,2.2270
Brazil,2018,Latin America and Caribbean,18,6.4190,0.9860,1.4740,0.6750,0.4930,0.0880,0.1100,2.5930
Luxembourg,2018,Western Europe,28,6.9100,1.5760,1.5200,0.8960,0.6320,0.3210,0.1960,1.7690
Ireland,2018,Western Europe,17,6.9770,1.4480,1.5830,0.8760,0.6140,0.3060,0.3070,1.8430
United Arab Emirates,2018,Middle East and Northern Africa,20,6.7740,2.0960,0.7760,0.6700,0.2840,0.0000,0.1860,2.7620
United Kingdom,2018,Western Europe,20,7.1900,1.2440,1.4330,0.8880,0.4640,0.0820,0.2620,2.8170
Venezuela,2018,Latin America and Caribbean,11,4.8060,0.9960,1.4690,0.6570,0.1330,0.0520,0.0560,1.4430
Singapore,2018,Southeastern Asia,102,6.3430,1.5290,1.4510,1.0080,0.6310,0.4570,0.2610,1.0060
Panama,2018,Latin America and Caribbean,34,6.4300,1.1120,1.4380,0.7590,0.5970,0.0630,0.1250,2.3360
Germany,2018,Western Europe,27,6.9650,1.3400,1.4740,0.8610,0.5860,0.2800,0.2730,2.1510
Chile,2018,Latin America and Caribbean,15,6.4760,1.1310,1.3310,0.8080,0.4310,0.0610,0.1970,2.5170
France,2018,Western Europe,25,6.4890,1.2930,1.4660,0.9080,0.5200,0.1760,0.0980,2.0280
Argentina,2018,Latin America and Caribbean,23,6.3880,1.0730,1.4680,0.7440,0.5700,0.0540,0.0620,2.4170
Czechia,2018,Central and Eastern Europe,29,6.7110,1.2330,1.4890,0.8540,0.5430,0.0340,0.0640,2.4940
Uruguay,2018,Latin America and Caribbean,21,6.3790,1.0930,1.4590,0.7710,0.6250,0.1550,0.1300,2.1460
Colombia,2018,Latin America and Caribbean,31,6.2600,0.9600,1.4390,0.6350,0.5310,0.0390,0.0990,2.5570
Thailand,2018,Southeastern Asia,37,6.0720,1.0160,1.4170,0.7070,0.6370,0.0290,0.3640,1.9020
Saudi Arabia,2018,Middle East and Northern Africa,46,6.3710,1.3790,1.3310,0.6330,0.5090,0.1270,0.0980,2.2940
Spain,2018,Western Europe,33,6.3100,1.2510,1.5380,0.9650,0.4490,0.0740,0.1420,1.8910
Malta,2018,Western Europe,36,6.6270,1.2700,1.5250,0.8840,0.6450,0.1420,0.3760,1.7850
Kuwait,2018,Middle East and Northern Africa,22,6.0830,1.4740,1.3010,0.6750,0.5540,0.1060,0.1670,1.8060
El Salvador,2018,Latin America and Caribbean,45,6.1670,0.8060,1.2310,0.6390,0.4610,0.0820,0.0650,2.8830
Guatemala,2018,Latin America and Caribbean,40,6.3820,0.7810,1.2680,0.6080,0.6040,0.0710,0.1790,2.8710
Uzbekistan,2018,Central and Eastern Europe,30,6.0960,0.7190,1.5840,0.6050,0.7240,0.2590,0.3280,1.8770
Slovakia,2018,Central and Eastern Europe,44,6.1730,1.2100,1.5370,0.7760,0.3540,0.0140,0.1180,2.1640
Japan,2018,Eastern Asia,39,5.9150,1.2940,1.4620,0.9880,0.5530,0.1500,0.0790,1.3890
South Korea,2018,Eastern Asia,54,5.8750,1.2660,1.2040,0.9550,0.2440,0.0510,0.1750,1.9800
Ecuador,2018,Latin America and Caribbean,57,5.9730,0.8890,1.3300,0.7360,0.5560,0.1200,0.1140,2.2280
Bahrain,2018,Middle East and Northern Africa,48,6.1050,1.3380,1.3660,0.6980,0.5940,0.1230,0.2430,1.7430
Italy,2018,Western Europe,43,6.0000,1.2640,1.5010,0.9460,0.2810,0.0280,0.1370,1.8430
Bolivia,2018,Latin America and Caribbean,47,5.7520,0.7510,1.2230,0.5080,0.6060,0.0540,0.1410,2.4690
Moldova,2018,Central and Eastern Europe,62,5.6400,0.6570,1.3010,0.6200,0.2320,0.0000,0.1710,2.6590
Paraguay,2018,Latin America and Caribbean,67,5.6810,0.8350,1.5220,0.6150,0.5410,0.0740,0.1620,1.9320
Kazakhstan,2018,Central and Eastern Europe,64,5.7900,1.1430,1.5160,0.6310,0.4540,0.1210,0.1480,1.7770
Slovenia,2018,Central and Eastern Europe,60,5.9480,1.2190,1.5060,0.8560,0.6330,0.0510,0.1600,1.5230
Lithuania,2018,Central and Eastern Europe,51,5.9520,1.1970,1.5270,0.7160,0.3500,0.0060,0.0260,2.1300
Nicaragua,2018,Latin America and Caribbean,50,6.1410,0.6680,1.3190,0.7000,0.5270,0.1280,0.2080,2.5910
Peru,2018,Latin America and Caribbean,41,5.6630,0.9340,1.2490,0.6740,0.5300,0.0340,0.0920,2.1500
Belarus,2018,Central and Eastern Europe,65,5.4830,1.0390,1.4980,0.7000,0.3070,0.1540,0.1010,1.6840
Poland,2018,Central and Eastern Europe,73,6.1230,1.1760,1.4480,0.7810,0.5460,0.0640,0.1080,2.0000
Malaysia,2018,Southeastern Asia,42,6.3220,1.1610,1.2580,0.6690,0.3560,0.0590,0.3110,2.5080
Croatia,2018,Central and Eastern Europe,35,5.3210,1.1150,1.1610,0.7370,0.3800,0.0390,0.1200,1.7690
Libya,2018,Middle East and Northern Africa,82,5.5660,0.9850,1.3500,0.5530,0.4960,0.1480,0.1160,1.9180
Russia,2018,Central and Eastern Europe,70,5.8100,1.1510,1.4790,0.5990,0.3990,0.0250,0.0650,2.0920
Jamaica,2018,Latin America and Caribbean,59,5.8900,0.8190,1.4930,0.6930,0.5750,0.0310,0.0960,2.1830
Cyprus,2018,Western Europe,56,5.7620,1.2290,1.1910,0.9090,0.4230,0.0350,0.2020,1.7730
Algeria,2018,Middle East and Northern Africa,61,5.2950,0.9790,1.1540,0.6870,0.0770,0.1350,0.0550,2.2080
Kosovo,2018,Central and Eastern Europe,84,5.6620,0.8550,1.2300,0.5780,0.4480,0.0230,0.2740,2.2540
Turkmenistan,2018,Central and Eastern Europe,66,5.6360,1.0160,1.5330,0.5170,0.4170,0.0370,0.1990,1.9170
Mauritius,2018,Sub-Saharan Africa,68,5.8910,1.0900,1.3870,0.6840,0.5840,0.0500,0.2450,1.8510
Estonia,2018,Central and Eastern Europe,55,5.7390,1.2000,1.5320,0.7370,0.5530,0.1740,0.0860,1.4570
Indonesia,2018,Southeastern Asia,63,5.0930,0.8990,1.2150,0.5220,0.5380,0.0180,0.4840,1.4170
Vietnam,2018,Southeastern Asia,96,5.1030,0.7150,1.3650,0.7020,0.6180,0.0790,0.1770,1.4470
Turkey,2018,Middle East and Northern Africa,95,5.4830,1.1480,1.3800,0.6860,0.3240,0.1090,0.1060,1.7300
Kyrgyzstan,2018,Central and Eastern Europe,74,5.1310,0.5300,1.4160,0.5940,0.5400,0.0350,0.2810,1.7350
Nigeria,2018,Sub-Saharan Africa,92,5.1550,0.6890,1.1720,0.0480,0.4620,0.0320,0.2010,2.5510
Azerbaijan,2018,Central and Eastern Europe,91,5.2010,1.0240,1.1610,0.6030,0.4300,0.1760,0.0310,1.7760
Pakistan,2018,Southern Asia,87,5.4720,0.6520,0.8100,0.4240,0.3340,0.1130,0.2160,2.9230
Jordan,2018,Middle East and Northern Africa,75,5.1610,0.8220,1.2650,0.6450,0.4680,0.1340,0.1300,1.6970
Montenegro,2018,Central and Eastern Europe,90,5.3470,1.0170,1.2790,0.7290,0.2590,0.0810,0.1110,1.8710
China,2018,Eastern Asia,81,5.2460,0.9890,1.1420,0.7990,0.5970,0.1030,0.0290,1.5870
Zambia,2018,Sub-Saharan Africa,86,4.3770,0.5620,1.0470,0.2950,0.5030,0.0820,0.2210,1.6670
Romania,2018,Central and Eastern Europe,125,5.9450,1.1160,1.2190,0.7260,0.5280,0.0010,0.0880,2.2670
Serbia,2018,Central and Eastern Europe,52,5.3980,0.9750,1.3690,0.6850,0.2880,0.0430,0.1340,1.9040
Portugal,2018,Western Europe,78,5.4100,1.1880,1.4290,0.8840,0.5620,0.0170,0.0550,1.2750
Latvia,2018,Central and Eastern Europe,77,5.9330,1.1480,1.4540,0.6710,0.3630,0.0660,0.0920,2.1390
Philippines,2018,Southeastern Asia,53,5.5240,0.7750,1.3120,0.5130,0.6430,0.1050,0.1200,2.0560
Morocco,2018,Middle East and Northern Africa,71,5.2540,0.7790,0.7970,0.6690,0.4600,0.0740,0.0260,2.4490
Albania,2018,Central and Eastern Europe,85,4.5860,0.9160,0.8170,0.7900,0.4190,0.0320,0.1490,1.4630
Bosnia and Herz.,2018,Central and Eastern Europe,112,5.1290,0.9150,1.0780,0.7580,0.2800,0.0000,0.2160,1.8820
Dominican Rep.,2018,Latin America and Caribbean,93,5.3020,0.9820,1.4410,0.6140,0.5780,0.1060,0.1200,1.4610
Mongolia,2018,Eastern Asia,83,5.1250,0.9140,1.5170,0.5750,0.3950,0.0320,0.2530,1.4390
Greece,2018,Western Europe,94,5.3580,1.1540,1.2020,0.8790,0.1310,0.0440,0.0000,1.9480
Lebanon,2018,Middle East and Northern Africa,79,5.3580,0.9650,1.1790,0.7850,0.5030,0.1360,0.2140,1.5760
Hungary,2018,Central and Eastern Europe,80,5.6200,1.1710,1.4010,0.7320,0.2590,0.0220,0.0610,1.9740
Honduras,2018,Latin America and Caribbean,69,5.5040,0.6200,1.2050,0.6220,0.4590,0.0740,0.1970,2.3270
Tajikistan,2018,Central and Eastern Europe,72,5.1990,0.4740,1.1660,0.5980,0.2920,0.0340,0.1870,2.4480
Tunisia,2018,Middle East and Northern Africa,88,4.5920,0.9000,0.9060,0.6900,0.2710,0.0630,0.0400,1.7220
Palestine,2018,Middle East and Northern Africa,111,4.7430,0.6420,1.2170,0.6020,0.2660,0.0760,0.0860,1.8540
Bangladesh,2018,Southern Asia,104,4.5000,0.5320,0.8500,0.5790,0.5800,0.1440,0.1530,1.6620
Iran,2018,Middle East and Northern Africa,115,4.7070,1.0590,0.7710,0.6910,0.4590,0.1290,0.2820,1.3160
Ukraine,2018,Central and Eastern Europe,106,4.1030,0.7930,1.4130,0.6090,0.1630,0.0110,0.1870,0.9270
Iraq,2018,Middle East and Northern Africa,138,4.4560,1.0100,0.9710,0.5360,0.3040,0.0950,0.1480,1.3920
South Africa,2018,Sub-Saharan Africa,117,4.7240,0.9400,1.4100,0.3300,0.5160,0.0560,0.1030,1.3690
Ghana,2018,Sub-Saharan Africa,105,4.6570,0.5920,0.8960,0.3370,0.4990,0.0290,0.2120,2.0920
Zimbabwe,2018,Sub-Saharan Africa,108,3.6920,0.3570,1.0940,0.2480,0.4060,0.0990,0.1320,1.3560
Liberia,2018,Sub-Saharan Africa,144,3.4950,0.0760,0.8580,0.2670,0.4190,0.0300,0.2060,1.6390
India,2018,Southern Asia,149,4.1900,0.7210,0.7470,0.4850,0.5390,0.0930,0.1720,1.4330
Haiti,2018,Latin America and Caribbean,133,3.5820,0.3150,0.7140,0.2890,0.0250,0.1040,0.3920,1.7430
Nepal,2018,Southern Asia,148,4.8800,0.4250,1.2280,0.5390,0.5260,0.0780,0.3020,1.7820
Ethiopia,2018,Sub-Saharan Africa,101,4.3500,0.3080,0.9500,0.3910,0.4520,0.1460,0.2200,1.8830
Sierra Leone,2018,Sub-Saharan Africa,127,4.5710,0.2560,0.8130,0.0000,0.3550,0.0530,0.2380,2.8560
Mauritania,2018,Sub-Saharan Africa,113,4.3560,0.5570,1.2450,0.2920,0.1290,0.0930,0.1340,1.9060
Kenya,2018,Sub-Saharan Africa,126,4.4100,0.4930,1.0480,0.4540,0.5040,0.0550,0.3520,1.5040
Armenia,2018,Central and Eastern Europe,124,4.3210,0.8160,0.9900,0.6660,0.2600,0.0280,0.0770,1.4840
Botswana,2018,Sub-Saharan Africa,129,3.5900,1.0170,1.1740,0.4170,0.5570,0.0920,0.0420,0.2910
Georgia,2018,Central and Eastern Europe,128,4.3400,0.8530,0.5920,0.6430,0.3750,0.2150,0.0380,1.6240
Malawi,2018,Sub-Saharan Africa,128,3.5870,0.1860,0.5410,0.3060,0.5310,0.0800,0.2100,1.7330
Sri Lanka,2018,Southern Asia,147,4.4710,0.9180,1.3140,0.6720,0.5850,0.0500,0.3070,0.6250
Cameroon,2018,Sub-Saharan Africa,116,4.9750,0.5350,0.8910,0.1820,0.4540,0.0430,0.1830,2.6870
Bulgaria,2018,Central and Eastern Europe,99,4.9330,1.0540,1.5150,0.7120,0.3590,0.0090,0.0640,1.2200
Egypt,2018,Middle East and Northern Africa,100,4.4190,0.8850,1.0250,0.5530,0.3120,0.1070,0.0920,1.4450
Yemen,2018,Middle East and Northern Africa,122,3.3550,0.4420,1.0730,0.3430,0.2440,0.0640,0.0830,1.1060
Mali,2018,Sub-Saharan Africa,152,4.4470,0.3700,1.2330,0.1520,0.3670,0.0560,0.1390,2.1300
Congo,2018,Sub-Saharan Africa,118,4.5590,0.6820,0.8110,0.3430,0.5140,0.0770,0.0910,2.0410
Senegal,2018,Sub-Saharan Africa,109,4.6310,0.4290,1.1170,0.4330,0.4060,0.0820,0.1380,2.0260
Gabon,2018,Sub-Saharan Africa,109,4.7580,1.0360,1.1640,0.4040,0.3560,0.0520,0.0320,1.7140
Niger,2018,Sub-Saharan Africa,103,4.1660,0.1310,0.8670,0.2210,0.3900,0.0990,0.1750,2.2830
Cambodia,2018,Southeastern Asia,134,4.4330,0.5490,1.0880,0.4570,0.6960,0.0650,0.2560,1.3220
Tanzania,2018,Sub-Saharan Africa,120,3.3030,0.4550,0.9910,0.3810,0.4810,0.0970,0.2700,0.6280
Madagascar,2018,Sub-Saharan Africa,153,3.7740,0.2620,0.9080,0.4020,0.2210,0.0490,0.1550,1.7770
Chad,2018,Sub-Saharan Africa,143,4.3010,0.3580,0.9070,0.0530,0.1890,0.0600,0.1810,2.5530
Guinea,2018,Sub-Saharan Africa,131,3.9640,0.3440,0.7920,0.2110,0.3940,0.0940,0.1850,1.9440
Côte d'Ivoire,2018,Sub-Saharan Africa,140,4.6710,0.5410,0.8720,0.0800,0.4670,0.1030,0.1460,2.4620
Burkina Faso,2018,Sub-Saharan Africa,107,4.4240,0.3140,1.0970,0.2540,0.3120,0.1280,0.1750,2.1440
Afghanistan,2018,Southern Asia,121,3.6320,0.3320,0.5370,0.2550,0.0850,0.0360,0.1910,2.1960
Rwanda,2018,Sub-Saharan Africa,145,3.4080,0.3320,0.8960,0.4000,0.6360,0.4440,0.2000,0.5000
Benin,2018,Sub-Saharan Africa,151,4.1410,0.3780,0.3720,0.2400,0.4400,0.0670,0.1630,2.4810
Burundi,2018,Sub-Saharan Africa,136,2.9050,0.0910,0.6270,0.1450,0.0650,0.0760,0.1490,1.7520
Togo,2018,Sub-Saharan Africa,156,3.9990,0.2590,0.4740,0.2530,0.4340,0.1010,0.1580,2.3200
Switzerland,2019,Western Europe,6,7.4800,1.4520,1.5260,1.0520,0.5720,0.3430,0.2630,2.2720
Iceland,2019,Western Europe,4,7.4940,1.3800,1.6240,1.0260,0.5910,0.1180,0.3540,2.4010
Denmark,2019,Western Europe,2,7.6000,1.3830,1.5730,0.9960,0.5920,0.4100,0.2520,2.3940
Norway,2019,Western Europe,3,7.5540,1.4880,1.5820,1.0280,0.6030,0.3410,0.2710,2.2410
Canada,2019,North America,9,7.2780,1.3650,1.5050,1.0390,0.5840,0.3080,0.2850,2.1920
Finland,2019,Western Europe,1,7.7690,1.3400,1.5870,0.9860,0.5960,0.3930,0.1530,2.7140
Netherlands,2019,Western Europe,5,7.4880,1.3960,1.5220,0.9990,0.5570,0.2980,0.3220,2.3940
Sweden,2019,Western Europe,7,7.3430,1.3870,1.4870,1.0090,0.5740,0.3730,0.2670,2.2460
New Zealand,2019,Australia and New Zealand,8,7.3070,1.3030,1.5570,1.0260,0.5850,0.3800,0.3300,2.1260
Australia,2019,Australia and New Zealand,11,7.2280,1.3720,1.5480,1.0360,0.5570,0.2900,0.3320,2.0930
Israel,2019,Middle East and Northern Africa,13,7.1390,1.2760,1.4550,1.0290,0.3710,0.0820,0.2610,2.6650
Costa Rica,2019,Latin America and Caribbean,12,7.1670,1.0340,1.4410,0.9630,0.5580,0.0930,0.1440,2.9340
Austria,2019,Western Europe,10,7.2460,1.3760,1.4750,1.0160,0.5320,0.2260,0.2440,2.3770
Mexico,2019,Latin America and Caribbean,23,6.5950,1.0700,1.3230,0.8610,0.4330,0.0730,0.0740,2.7610
United States of America,2019,North America,19,6.8920,1.4330,1.4570,0.8740,0.4540,0.1280,0.2800,2.2660
Brazil,2019,Latin America and Caribbean,32,6.3000,1.0040,1.4390,0.8020,0.3900,0.0860,0.0990,2.4800
Luxembourg,2019,Western Europe,14,7.0900,1.6090,1.4790,1.0120,0.5260,0.3160,0.1940,1.9540
Ireland,2019,Western Europe,16,7.0210,1.4990,1.5530,0.9990,0.5160,0.3100,0.2980,1.8460
United Arab Emirates,2019,Middle East and Northern Africa,21,6.8250,1.5030,1.3100,0.8250,0.5980,0.1820,0.2620,2.1450
United Kingdom,2019,Western Europe,15,7.0540,1.3330,1.5380,0.9960,0.4500,0.2780,0.3480,2.1110
Venezuela,2019,Latin America and Caribbean,108,4.7070,0.9600,1.4270,0.8050,0.1540,0.0470,0.0640,1.2500
Singapore,2019,Southeastern Asia,34,6.2620,1.5720,1.4630,1.1410,0.5560,0.4530,0.2710,0.8060
Panama,2019,Latin America and Caribbean,31,6.3210,1.1490,1.4420,0.9100,0.5160,0.0540,0.1090,2.1410
Germany,2019,Western Europe,17,6.9850,1.3730,1.4540,0.9870,0.4950,0.2650,0.2610,2.1500
Chile,2019,Latin America and Caribbean,26,6.4440,1.1590,1.3690,0.9200,0.3570,0.0560,0.1870,2.3960
France,2019,Western Europe,24,6.5920,1.3240,1.4720,1.0450,0.4360,0.1830,0.1110,2.0210
Argentina,2019,Latin America and Caribbean,47,6.0860,1.0920,1.4320,0.8810,0.4710,0.0500,0.0660,2.0940
Czechia,2019,Central and Eastern Europe,20,6.8520,1.2690,1.4870,0.9200,0.4570,0.0360,0.0460,2.6370
Uruguay,2019,Latin America and Caribbean,33,6.2930,1.1240,1.4650,0.8910,0.5230,0.1500,0.1270,2.0130
Colombia,2019,Latin America and Caribbean,43,6.1250,0.9850,1.4100,0.8410,0.4700,0.0340,0.0990,2.2860
Thailand,2019,Southeastern Asia,52,6.0080,1.0500,1.4090,0.8280,0.5570,0.0280,0.3590,1.7770
Saudi Arabia,2019,Middle East and Northern Africa,28,6.3750,1.4030,1.3570,0.7950,0.4390,0.1320,0.0800,2.1690
Spain,2019,Western Europe,30,6.3540,1.2860,1.4840,1.0620,0.3620,0.0790,0.1530,1.9280
Malta,2019,Western Europe,22,6.7260,1.3000,1.5200,0.9990,0.5640,0.1510,0.3750,1.8170
Kuwait,2019,Middle East and Northern Africa,51,6.0210,1.5000,1.3190,0.8080,0.4930,0.0970,0.1420,1.6620
El Salvador,2019,Latin America and Caribbean,35,6.2530,0.7940,1.2420,0.7890,0.4300,0.0740,0.0930,2.8310
Guatemala,2019,Latin America and Caribbean,27,6.4360,0.8000,1.2690,0.7460,0.5350,0.0780,0.1750,2.8330
Uzbekistan,2019,Central and Eastern Europe,41,6.1740,0.7450,1.5290,0.7560,0.6310,0.2400,0.3220,1.9510
Slovakia,2019,Central and Eastern Europe,38,6.1980,1.2460,1.5040,0.8810,0.3340,0.0140,0.1210,2.0980
Japan,2019,Eastern Asia,58,5.8860,1.3270,1.4190,1.0880,0.4450,0.1400,0.0690,1.3980
South Korea,2019,Eastern Asia,54,5.8950,1.3010,1.2190,1.0360,0.1590,0.0560,0.1750,1.9490
Ecuador,2019,Latin America and Caribbean,50,6.0280,0.9120,1.3120,0.8680,0.4980,0.0870,0.1260,2.2250
Bahrain,2019,Middle East and Northern Africa,37,6.1990,1.3620,1.3680,0.8710,0.5360,0.1100,0.2550,1.6970
Italy,2019,Western Europe,36,6.2230,1.2940,1.4880,1.0390,0.2310,0.0300,0.1580,1.9830
Bolivia,2019,Latin America and Caribbean,61,5.7790,0.7760,1.2090,0.7060,0.5110,0.0640,0.1370,2.3760
Moldova,2019,Central and Eastern Europe,71,5.5290,0.6850,1.3280,0.7390,0.2450,0.0000,0.1810,2.3510
Paraguay,2019,Latin America and Caribbean,63,5.7430,0.8550,1.4750,0.7770,0.5140,0.0800,0.1840,1.8580
Kazakhstan,2019,Central and Eastern Europe,60,5.8090,1.1730,1.5080,0.7290,0.4100,0.0960,0.1460,1.7470
Slovenia,2019,Central and Eastern Europe,44,6.1180,1.2580,1.5230,0.9530,0.5640,0.0570,0.1440,1.6190
Lithuania,2019,Central and Eastern Europe,42,6.1490,1.2380,1.5150,0.8180,0.2910,0.0420,0.0430,2.2020
Nicaragua,2019,Latin America and Caribbean,45,6.1050,0.6940,1.3250,0.8350,0.4350,0.1270,0.2000,2.4890
Peru,2019,Latin America and Caribbean,65,5.6970,0.9600,1.2740,0.8540,0.4550,0.0270,0.0830,2.0440
Belarus,2019,Central and Eastern Europe,81,5.3230,1.0670,1.4650,0.7890,0.2350,0.1420,0.0940,1.5310
Poland,2019,Central and Eastern Europe,40,6.1820,1.2060,1.4380,0.8840,0.4830,0.0500,0.1170,2.0040
Malaysia,2019,Southeastern Asia,80,5.3390,1.2210,1.1710,0.8280,0.5080,0.0240,0.2600,1.3270
Croatia,2019,Central and Eastern Europe,75,5.4320,1.1550,1.2660,0.9140,0.2960,0.0220,0.1190,1.6600
Libya,2019,Middle East and Northern Africa,72,5.5250,1.0440,1.3030,0.6730,0.4160,0.1520,0.1330,1.8040
Russia,2019,Central and Eastern Europe,68,5.6480,1.1830,1.4520,0.7260,0.3340,0.0310,0.0820,1.8400
Jamaica,2019,Latin America and Caribbean,56,5.8900,0.8310,1.4780,0.8310,0.4900,0.0280,0.1070,2.1250
Cyprus,2019,Western Europe,49,6.0460,1.2630,1.2230,1.0420,0.4060,0.0410,0.1900,1.8810
Algeria,2019,Middle East and Northern Africa,88,5.2110,1.0020,1.1600,0.7850,0.0860,0.1140,0.0730,1.9910
Kosovo,2019,Central and Eastern Europe,46,6.1000,0.8820,1.2320,0.7580,0.4890,0.0060,0.2620,2.4710
Turkmenistan,2019,Central and Eastern Europe,87,5.2470,1.0520,1.5380,0.6570,0.3940,0.0280,0.2440,1.3340
Mauritius,2019,Sub-Saharan Africa,57,5.8880,1.1200,1.4020,0.7980,0.4980,0.0600,0.2150,1.7950
Estonia,2019,Central and Eastern Europe,55,5.8930,1.2370,1.5280,0.8740,0.4950,0.1610,0.1030,1.4950
Indonesia,2019,Southeastern Asia,92,5.1920,0.9310,1.2030,0.6600,0.4910,0.0280,0.4980,1.3810
Vietnam,2019,Southeastern Asia,94,5.1750,0.7410,1.3460,0.8510,0.5430,0.0730,0.1470,1.4740
Turkey,2019,Middle East and Northern Africa,79,5.3730,1.1830,1.3600,0.8080,0.1950,0.1060,0.0830,1.6380
Kyrgyzstan,2019,Central and Eastern Europe,86,5.2610,0.5510,1.4380,0.7230,0.5080,0.0230,0.3000,1.7180
Nigeria,2019,Sub-Saharan Africa,85,5.2650,0.6960,1.1110,0.2450,0.4260,0.0410,0.2150,2.5310
Azerbaijan,2019,Central and Eastern Europe,90,5.2080,1.0430,1.1470,0.7690,0.3510,0.1820,0.0350,1.6810
Pakistan,2019,Southern Asia,67,5.6530,0.6770,0.8860,0.5350,0.3130,0.0980,0.2200,2.9240
Jordan,2019,Middle East and Northern Africa,101,4.9060,0.8370,1.2250,0.8150,0.3830,0.1300,0.1100,1.4060
Montenegro,2019,Central and Eastern Europe,73,5.5230,1.0510,1.3610,0.8710,0.1970,0.0800,0.1420,1.8210
China,2019,Eastern Asia,93,5.1910,1.0290,1.1250,0.8930,0.5210,0.1000,0.0580,1.4650
Zambia,2019,Sub-Saharan Africa,138,4.1070,0.5780,1.0580,0.4260,0.4310,0.0870,0.2470,1.2800
Romania,2019,Central and Eastern Europe,48,6.0700,1.1620,1.2320,0.8250,0.4620,0.0050,0.0830,2.3010
Serbia,2019,Central and Eastern Europe,70,5.6030,1.0040,1.3830,0.8540,0.2820,0.0390,0.1370,1.9040
Portugal,2019,Western Europe,66,5.6930,1.2210,1.4310,0.9990,0.5080,0.0250,0.0470,1.4620
Latvia,2019,Central and Eastern Europe,53,5.9400,1.1870,1.4650,0.8120,0.2640,0.0640,0.0750,2.0730
Philippines,2019,Southeastern Asia,69,5.6310,0.8070,1.2930,0.6570,0.5580,0.1070,0.1170,2.0920
Morocco,2019,Middle East and Northern Africa,89,5.2080,0.8010,0.7820,0.7820,0.4180,0.0760,0.0360,2.3130
Albania,2019,Central and Eastern Europe,107,4.7190,0.9470,0.8480,0.8740,0.3830,0.0270,0.1780,1.4620
Bosnia and Herz.,2019,Central and Eastern Europe,78,5.3860,0.9450,1.2120,0.8450,0.2120,0.0060,0.2630,1.9030
Dominican Rep.,2019,Latin America and Caribbean,77,5.4250,1.0150,1.4010,0.7790,0.4970,0.1010,0.1130,1.5190
Mongolia,2019,Eastern Asia,83,5.2850,0.9480,1.5310,0.6670,0.3170,0.0380,0.2350,1.5490
Greece,2019,Western Europe,82,5.2870,1.1810,1.1560,0.9990,0.0670,0.0340,0.0000,1.8500
Lebanon,2019,Middle East and Northern Africa,91,5.1970,0.9870,1.2240,0.8150,0.2160,0.0270,0.1660,1.7620
Hungary,2019,Central and Eastern Europe,62,5.7580,1.2010,1.4100,0.8280,0.1990,0.0200,0.0810,2.0190
Honduras,2019,Latin America and Caribbean,59,5.8600,0.6420,1.2360,0.8280,0.5070,0.0780,0.2460,2.3230
Tajikistan,2019,Central and Eastern Europe,74,5.4670,0.4930,1.0980,0.7180,0.3890,0.1440,0.2300,2.3950
Tunisia,2019,Middle East and Northern Africa,124,4.4610,0.9210,1.0000,0.8150,0.1670,0.0550,0.0590,1.4440
Palestine,2019,Middle East and Northern Africa,110,4.6960,0.6570,1.2470,0.6720,0.2250,0.0660,0.1030,1.7260
Bangladesh,2019,Southern Asia,125,4.4560,0.5620,0.9280,0.7230,0.5270,0.1430,0.1660,1.4070
Iran,2019,Middle East and Northern Africa,117,4.5480,1.1000,0.8420,0.7850,0.3050,0.1250,0.2700,1.1210
Ukraine,2019,Central and Eastern Europe,133,4.3320,0.8200,1.3900,0.7390,0.1780,0.0100,0.1870,1.0080
Iraq,2019,Middle East and Northern Africa,126,4.4370,1.0430,0.9800,0.5740,0.2410,0.0890,0.1480,1.3620
South Africa,2019,Sub-Saharan Africa,106,4.7220,0.9600,1.3510,0.4690,0.3890,0.0550,0.1300,1.3680
Ghana,2019,Sub-Saharan Africa,98,4.9960,0.6110,0.8680,0.4860,0.3810,0.0400,0.2450,2.3650
Zimbabwe,2019,Sub-Saharan Africa,146,3.6630,0.3660,1.1140,0.4330,0.3610,0.0890,0.1510,1.1490
Liberia,2019,Sub-Saharan Africa,141,3.9750,0.0730,0.9220,0.4430,0.3700,0.0330,0.2330,1.9010
India,2019,Southern Asia,140,4.0150,0.7550,0.7650,0.5880,0.4980,0.0850,0.2000,1.1240
Haiti,2019,Latin America and Caribbean,147,3.5970,0.3230,0.6880,0.4490,0.0260,0.1100,0.4190,1.5820
Nepal,2019,Southern Asia,100,4.9130,0.4460,1.2260,0.6770,0.4390,0.0890,0.2850,1.7510
Ethiopia,2019,Sub-Saharan Africa,134,4.2860,0.3360,1.0330,0.5320,0.3440,0.1000,0.2090,1.7320
Sierra Leone,2019,Sub-Saharan Africa,129,4.3740,0.2680,0.8410,0.2420,0.3090,0.0450,0.2520,2.4170
Mauritania,2019,Sub-Saharan Africa,122,4.4900,0.5700,1.1670,0.4890,0.0660,0.0880,0.1060,2.0040
Kenya,2019,Sub-Saharan Africa,121,4.5090,0.5120,0.9830,0.5810,0.4310,0.0530,0.3720,1.5770
Armenia,2019,Central and Eastern Europe,116,4.5590,0.8500,1.0550,0.8150,0.2830,0.0640,0.0950,1.3970
Botswana,2019,Sub-Saharan Africa,148,3.4880,1.0410,1.1450,0.5380,0.4550,0.1000,0.0250,0.1840
Georgia,2019,Central and Eastern Europe,119,4.5190,0.8860,0.6660,0.7520,0.3460,0.1640,0.0430,1.6620
Malawi,2019,Sub-Saharan Africa,150,3.4100,0.1910,0.5600,0.4950,0.4430,0.0890,0.2180,1.4140
Sri Lanka,2019,Southern Asia,130,4.3660,0.9490,1.2650,0.8310,0.4700,0.0470,0.2440,0.5600
Cameroon,2019,Sub-Saharan Africa,96,5.0440,0.5490,0.9100,0.3310,0.3810,0.0370,0.1870,2.6490
Bulgaria,2019,Central and Eastern Europe,97,5.0110,1.0920,1.5130,0.8150,0.3110,0.0040,0.0810,1.1950
Egypt,2019,Middle East and Northern Africa,137,4.1660,0.9130,1.0390,0.6440,0.2410,0.0670,0.0760,1.1860
Yemen,2019,Middle East and Northern Africa,151,3.3800,0.2870,1.1630,0.4630,0.1430,0.0770,0.1080,1.1390
Mali,2019,Sub-Saharan Africa,128,4.3900,0.3850,1.1050,0.3080,0.3270,0.0520,0.1530,2.0600
Congo,2019,Sub-Saharan Africa,103,4.8120,0.6730,0.7990,0.5080,0.3720,0.0930,0.1050,2.2620
Senegal,2019,Sub-Saharan Africa,111,4.6810,0.4500,1.1340,0.5710,0.2920,0.0720,0.1530,2.0090
Gabon,2019,Sub-Saharan Africa,104,4.7990,1.0570,1.1830,0.5710,0.2950,0.0550,0.0430,1.5950
Niger,2019,Sub-Saharan Africa,114,4.6280,0.1380,0.7740,0.3660,0.3180,0.1020,0.1880,2.7420
Cambodia,2019,Southeastern Asia,109,4.7000,0.5740,1.1220,0.6370,0.6090,0.0620,0.2320,1.4640
Tanzania,2019,Sub-Saharan Africa,153,3.2310,0.4760,0.8850,0.4990,0.4170,0.1470,0.2760,0.5310
Madagascar,2019,Sub-Saharan Africa,143,3.9330,0.2740,0.9160,0.5550,0.1480,0.0410,0.1690,1.8300
Chad,2019,Sub-Saharan Africa,132,4.3500,0.3500,0.7660,0.1920,0.1740,0.0780,0.1980,2.5920
Guinea,2019,Sub-Saharan Africa,118,4.5340,0.3800,0.8290,0.3750,0.3320,0.0860,0.2070,2.3250
Côte d'Ivoire,2019,Sub-Saharan Africa,99,4.9440,0.5690,0.8080,0.2320,0.3520,0.0900,0.1540,2.7390
Burkina Faso,2019,Sub-Saharan Africa,115,4.5870,0.3310,1.0560,0.3800,0.2550,0.1130,0.1770,2.2750
Afghanistan,2019,Southern Asia,154,3.2030,0.3500,0.5170,0.3610,0.0000,0.0250,0.1580,1.7920
Rwanda,2019,Sub-Saharan Africa,152,3.3340,0.3590,0.7110,0.6140,0.5550,0.4110,0.2170,0.4670
Benin,2019,Sub-Saharan Africa,102,4.8830,0.3930,0.4370,0.3970,0.3490,0.0820,0.1750,3.0500
Burundi,2019,Sub-Saharan Africa,145,3.7750,0.0460,0.4470,0.3800,0.2200,0.1800,0.1760,2.3260
Togo,2019,Sub-Saharan Africa,139,4.0850,0.2750,0.5720,0.4100,0.2930,0.0850,0.1770,2.2730
Switzerland,2020,Western Europe,3,7.5599,1.3908,1.4724,1.0405,0.6290,0.4079,0.2691,2.3503
Iceland,2020,Western Europe,4,7.5045,1.3265,1.5476,1.0008,0.6620,0.1445,0.3623,2.4607
Denmark,2020,Western Europe,2,7.6456,1.3269,1.5034,0.9793,0.6650,0.4953,0.2428,2.4327
Norway,2020,Western Europe,5,7.4880,1.4242,1.4952,1.0081,0.6702,0.4341,0.2880,2.1683
Canada,2020,North America,11,7.2321,1.3016,1.4354,1.0225,0.6440,0.3517,0.2815,2.1953
Finland,2020,Western Europe,1,7.8087,1.2852,1.4995,0.9613,0.6623,0.4779,0.1597,2.7628
Netherlands,2020,Western Europe,6,7.4489,1.3389,1.4636,0.9757,0.6136,0.3686,0.3363,2.3521
Sweden,2020,Western Europe,7,7.3535,1.3222,1.4333,0.9865,0.6503,0.4421,0.2728,2.2463
New Zealand,2020,Australia and New Zealand,8,7.2996,1.2423,1.4872,1.0081,0.6468,0.4613,0.3257,2.1281
Australia,2020,Australia and New Zealand,12,7.2228,1.3104,1.4771,1.0226,0.6219,0.3360,0.3250,2.1298
Israel,2020,Middle East and Northern Africa,14,7.1286,1.2165,1.4033,1.0081,0.4207,0.0999,0.2669,2.7134
Costa Rica,2020,Latin America and Caribbean,15,7.1214,0.9811,1.3749,0.9396,0.6450,0.0964,0.1313,2.9531
Austria,2020,Western Europe,9,7.2942,1.3173,1.4374,1.0009,0.6034,0.2813,0.2555,2.3984
Mexico,2020,Latin America and Caribbean,24,6.4650,1.0244,1.2263,0.8316,0.5539,0.0831,0.0831,2.6625
United States of America,2020,North America,18,6.9396,1.3740,1.4048,0.8316,0.5346,0.1523,0.2981,2.3441
Brazil,2020,Latin America and Caribbean,32,6.3756,0.9527,1.3635,0.7661,0.4833,0.1065,0.1317,2.5719
Luxembourg,2020,Western Europe,10,7.2375,1.5367,1.3875,0.9864,0.6101,0.3670,0.1960,2.1537
Ireland,2020,Western Europe,16,7.0937,1.4469,1.4706,0.9757,0.5878,0.3734,0.2954,1.9439
United Arab Emirates,2020,Middle East and Northern Africa,21,6.7908,1.4311,1.2512,0.7878,0.6529,0.2202,0.2807,2.1670
United Kingdom,2020,Western Europe,13,7.1645,1.2731,1.4578,0.9757,0.5252,0.3226,0.3734,2.2367
Venezuela,2020,Latin America and Caribbean,99,5.0532,0.7702,1.3485,0.7670,0.2717,0.0636,0.0872,1.7448
Singapore,2020,Southeastern Asia,31,6.3771,1.5196,1.3955,1.1378,0.6353,0.5332,0.2188,0.9370
Panama,2020,Latin America and Caribbean,36,6.3048,1.0977,1.3761,0.8785,0.5798,0.0542,0.0972,2.2212
Germany,2020,Western Europe,17,7.0758,1.3142,1.3685,0.9721,0.5643,0.3094,0.2520,2.2952
Chile,2020,Latin America and Caribbean,39,6.2285,1.0970,1.3233,0.8893,0.4175,0.0628,0.1556,2.2830
France,2020,Western Europe,23,6.6638,1.2681,1.4588,1.0297,0.5141,0.2273,0.1126,2.0532
Argentina,2020,Latin America and Caribbean,55,5.9747,1.0285,1.3725,0.8498,0.5208,0.0604,0.0701,2.0725
Czechia,2020,Central and Eastern Europe,19,6.9109,1.2123,1.4053,0.8946,0.5057,0.0498,0.0463,2.7968
Uruguay,2020,Latin America and Caribbean,26,6.4401,1.0710,1.4251,0.8569,0.5943,0.1934,0.1321,2.1673
Colombia,2020,Latin America and Caribbean,44,6.1634,0.9322,1.3345,0.8100,0.5269,0.0458,0.0924,2.4217
Thailand,2020,Southeastern Asia,54,5.9988,1.0070,1.3475,0.7939,0.6094,0.0318,0.3767,1.8324
Saudi Arabia,2020,Middle East and Northern Africa,27,6.4065,1.3343,1.3100,0.7598,0.5485,0.1633,0.0874,2.2031
Spain,2020,Western Europe,28,6.4009,1.2305,1.4211,1.0513,0.4260,0.1096,0.1653,1.9971
Malta,2020,Western Europe,22,6.7728,1.2525,1.4430,0.9720,0.6332,0.1789,0.3412,1.9520
Kuwait,2020,Middle East and Northern Africa,48,6.1021,1.4248,1.2448,0.7765,0.5703,0.1128,0.1328,1.8402
El Salvador,2020,Latin America and Caribbean,34,6.3483,0.7489,1.1494,0.7527,0.5240,0.1170,0.1189,2.9372
Guatemala,2020,Latin America and Caribbean,29,6.3989,0.7538,1.1743,0.7060,0.6131,0.0984,0.1706,2.8827
Uzbekistan,2020,Central and Eastern Europe,38,6.2576,0.6967,1.4340,0.7167,0.6933,0.2803,0.3633,2.0733
Slovakia,2020,Central and Eastern Europe,37,6.2806,1.1948,1.4243,0.8535,0.4235,0.0113,0.1167,2.2564
Japan,2020,Eastern Asia,62,5.8708,1.2667,1.3323,1.0729,0.4955,0.1814,0.0357,1.4862
South Korea,2020,Eastern Asia,61,5.8724,1.2453,1.1336,1.0225,0.2594,0.0946,0.1703,1.9468
Ecuador,2020,Latin America and Caribbean,58,5.9252,0.8534,1.2210,0.8388,0.5552,0.0868,0.1150,2.2549
Bahrain,2020,Middle East and Northern Africa,40,6.2273,1.2967,1.3153,0.8388,0.6104,0.1267,0.2875,1.7519
Italy,2020,Western Europe,30,6.3874,1.2364,1.3473,1.0225,0.3213,0.0401,0.1703,2.2495
Bolivia,2020,Latin America and Caribbean,65,5.7475,0.7310,1.1424,0.6624,0.5745,0.0729,0.1384,2.4259
Moldova,2020,Central and Eastern Europe,70,5.6075,0.7079,1.2373,0.7133,0.3896,0.0144,0.1740,2.3710
Paraguay,2020,Latin America and Caribbean,67,5.6921,0.8980,1.3682,0.7359,0.5865,0.0651,0.2043,1.8341
Kazakhstan,2020,Central and Eastern Europe,50,6.0579,1.1226,1.4533,0.6988,0.4974,0.1105,0.1537,2.0216
Slovenia,2020,Central and Eastern Europe,33,6.3634,1.2087,1.4647,0.9325,0.6467,0.0765,0.1457,1.8886
Lithuania,2020,Central and Eastern Europe,41,6.2155,1.1936,1.4329,0.7954,0.4205,0.0814,0.0537,2.2381
Nicaragua,2020,Latin America and Caribbean,46,6.1371,0.6200,1.2708,0.8031,0.5601,0.1741,0.2129,2.4961
Peru,2020,Latin America and Caribbean,63,5.7968,0.9185,1.2084,0.8244,0.5132,0.0270,0.0916,2.2135
Belarus,2020,Central and Eastern Europe,75,5.5399,1.0189,1.3871,0.7526,0.2908,0.1936,0.0899,1.8070
Poland,2020,Central and Eastern Europe,43,6.1863,1.1692,1.3104,0.8680,0.5579,0.1605,0.0634,2.0568
Malaysia,2020,Southeastern Asia,82,5.3843,1.1684,1.1740,0.7885,0.5969,0.0622,0.2749,1.3194
Croatia,2020,Central and Eastern Europe,79,5.5047,1.1090,1.3113,0.9006,0.3815,0.0123,0.1140,1.6760
Libya,2020,Middle East and Northern Africa,80,5.4888,1.0219,1.1963,0.6156,0.4514,0.1723,0.1428,1.8886
Russia,2020,Central and Eastern Europe,73,5.5460,1.1270,1.3786,0.6804,0.3995,0.0457,0.0990,1.8157
Jamaica,2020,Latin America and Caribbean,60,5.8898,0.7791,1.4083,0.7884,0.5531,0.0301,0.1163,2.2144
Cyprus,2020,Western Europe,45,6.1590,1.2128,1.1492,1.0261,0.4594,0.0512,0.2279,2.0323
Algeria,2020,Middle East and Northern Africa,100,5.0051,0.9439,1.1430,0.7454,0.0839,0.1292,0.1189,1.8408
Kosovo,2020,Central and Eastern Europe,35,6.3252,0.8405,1.1840,0.6727,0.5573,0.0086,0.3253,2.7369
Turkmenistan,2020,Central and Eastern Europe,95,5.1191,1.0090,1.5105,0.6124,0.5152,0.0335,0.3231,1.1153
Mauritius,2020,Sub-Saharan Africa,49,6.1013,1.0737,1.3957,0.7634,0.5908,0.0841,0.1869,2.0067
Estonia,2020,Central and Eastern Europe,51,6.0218,1.1924,1.4532,0.8426,0.5767,0.2018,0.1251,1.6299
Indonesia,2020,Southeastern Asia,84,5.2856,0.8917,1.1548,0.6104,0.5682,0.0383,0.5426,1.4796
Vietnam,2020,Southeastern Asia,83,5.3535,0.7181,1.2531,0.8191,0.6508,0.0898,0.1365,1.6860
Turkey,2020,Middle East and Northern Africa,93,5.1318,1.1272,1.1972,0.7813,0.2544,0.1210,0.0859,1.5648
Kyrgyzstan,2020,Central and Eastern Europe,74,5.5415,0.5132,1.3410,0.6806,0.6146,0.0305,0.3014,2.0602
Nigeria,2020,Sub-Saharan Africa,115,4.7241,0.6459,0.9867,0.1678,0.4351,0.0476,0.2213,2.2196
Azerbaijan,2020,Central and Eastern Europe,89,5.1648,0.9903,1.1806,0.7311,0.4677,0.2473,0.0401,1.5076
Pakistan,2020,Southern Asia,66,5.6933,0.6168,0.8730,0.4699,0.4054,0.1226,0.2287,2.9769
Jordan,2020,Middle East and Northern Africa,119,4.6334,0.7852,1.1401,0.7776,0.4249,0.1519,0.0915,1.2623
Montenegro,2020,Central and Eastern Europe,72,5.5461,1.0102,1.2657,0.8390,0.3032,0.0984,0.1490,1.8806
China,2020,Eastern Asia,94,5.1239,0.9905,1.1321,0.8672,0.6016,0.1173,0.0790,1.3362
Zambia,2020,Sub-Saharan Africa,141,3.7594,0.5368,0.8960,0.3636,0.4913,0.0867,0.2506,1.1343
Romania,2020,Central and Eastern Europe,47,6.1237,1.1204,1.1944,0.7923,0.5349,0.0008,0.0682,2.4127
Serbia,2020,Central and Eastern Europe,64,5.7782,0.9882,1.3274,0.8284,0.3954,0.0594,0.1503,2.0290
Portugal,2020,Western Europe,59,5.9109,1.1688,1.3395,0.9793,0.5899,0.0277,0.0530,1.7526
Latvia,2020,Central and Eastern Europe,57,5.9500,1.1414,1.4144,0.7779,0.3292,0.0904,0.0754,2.1213
Philippines,2020,Southeastern Asia,52,6.0060,0.7751,1.2454,0.6022,0.6219,0.1304,0.1293,2.5017
Morocco,2020,Middle East and Northern Africa,97,5.0948,0.7586,0.6452,0.7451,0.4501,0.0774,0.0400,2.3784
Albania,2020,Central and Eastern Europe,105,4.8827,0.9067,0.8305,0.8463,0.4619,0.0254,0.1710,1.6409
Bosnia and Herz.,2020,Central and Eastern Europe,69,5.6741,0.9184,1.2040,0.8139,0.3054,0.0012,0.2640,2.1672
Dominican Rep.,2020,Latin America and Caribbean,68,5.6892,0.9832,1.3289,0.7419,0.5629,0.1159,0.1122,1.8442
Mongolia,2020,Eastern Asia,81,5.4562,0.9049,1.4589,0.6158,0.3557,0.0465,0.2639,1.8105
Greece,2020,Western Europe,77,5.5150,1.1281,1.1690,0.9794,0.1735,0.0488,0.0000,2.0162
Lebanon,2020,Middle East and Northern Africa,111,4.7715,0.8892,1.1925,0.7887,0.1855,0.0215,0.1585,1.5355
Hungary,2020,Central and Eastern Europe,53,6.0004,1.1643,1.4230,0.8068,0.3864,0.0275,0.0705,2.1218
Honduras,2020,Latin America and Caribbean,56,5.9532,0.5988,1.1867,0.7920,0.5681,0.0868,0.2565,2.4643
Tajikistan,2020,Central and Eastern Europe,71,5.5557,0.4749,1.2184,0.6806,0.5211,0.2218,0.1824,2.2565
Tunisia,2020,Middle East and Northern Africa,128,4.3922,0.8747,0.8722,0.7812,0.2359,0.0439,0.0559,1.5285
Palestine,2020,Middle East and Northern Africa,125,4.5528,0.5878,1.1948,0.6138,0.2987,0.0719,0.0918,1.6940
Bangladesh,2020,Southern Asia,107,4.8328,0.5562,0.8688,0.6949,0.6041,0.1767,0.1767,1.7553
Iran,2020,Middle East and Northern Africa,118,4.6724,1.0293,0.8863,0.7491,0.3012,0.1427,0.2770,1.2870
Ukraine,2020,Central and Eastern Europe,123,4.5607,0.7804,1.3213,0.6987,0.3194,0.0097,0.1786,1.2527
Iraq,2020,Middle East and Northern Africa,110,4.7848,0.9820,1.0115,0.5294,0.2836,0.0732,0.1530,1.7522
South Africa,2020,Sub-Saharan Africa,109,4.8141,0.9021,1.2591,0.4070,0.4348,0.0595,0.1264,1.6251
Ghana,2020,Sub-Saharan Africa,91,5.1480,0.5759,0.9664,0.4322,0.4773,0.0566,0.2613,2.3784
Zimbabwe,2020,Sub-Saharan Africa,151,3.2992,0.4256,1.0478,0.3750,0.3774,0.0809,0.1513,0.8410
Liberia,2020,Sub-Saharan Africa,124,4.5579,0.1741,0.9207,0.3923,0.4059,0.0511,0.2270,2.3868
India,2020,Southern Asia,144,3.5733,0.7306,0.6442,0.5406,0.5811,0.1056,0.2371,0.7341
Haiti,2020,Latin America and Caribbean,142,3.7208,0.2847,0.6467,0.3744,0.1693,0.1619,0.4639,1.6199
Nepal,2020,Southern Asia,92,5.1372,0.4441,1.1008,0.6689,0.4806,0.1275,0.3010,2.0144
Ethiopia,2020,Sub-Saharan Africa,136,4.1862,0.3151,1.0011,0.4838,0.4126,0.1174,0.2277,1.6285
Sierra Leone,2020,Sub-Saharan Africa,139,3.9264,0.2406,0.7480,0.2040,0.3820,0.0479,0.2576,2.0463
Mauritania,2020,Sub-Saharan Africa,129,4.3746,0.5397,1.1133,0.4252,0.1857,0.1223,0.1289,1.8596
Kenya,2020,Sub-Saharan Africa,121,4.5830,0.4764,0.9051,0.5363,0.5192,0.0672,0.3939,1.6849
Armenia,2020,Central and Eastern Europe,116,4.6768,0.8083,1.0346,0.7759,0.3781,0.1046,0.1072,1.4682
Botswana,2020,Sub-Saharan Africa,147,3.4789,0.9975,1.0857,0.4941,0.5091,0.1018,0.0334,0.2572
Georgia,2020,Central and Eastern Europe,117,4.6726,0.8472,0.7312,0.6947,0.4855,0.1741,0.0476,1.6924
Malawi,2020,Sub-Saharan Africa,145,3.5380,0.1765,0.5304,0.4462,0.4874,0.1316,0.2132,1.5527
Sri Lanka,2020,Southern Asia,130,4.3270,0.8980,1.1949,0.7920,0.5286,0.0494,0.2527,0.6113
Cameroon,2020,Sub-Saharan Africa,98,5.0849,0.5040,0.8997,0.2702,0.4392,0.0544,0.1980,2.7194
Bulgaria,2020,Central and Eastern Europe,96,5.1015,1.0466,1.4606,0.7778,0.4178,0.0000,0.1038,1.2950
Egypt,2020,Middle East and Northern Africa,138,4.1514,0.8752,0.9825,0.5969,0.3737,0.0955,0.0688,1.1588
Yemen,2020,Middle East and Northern Africa,146,3.5274,0.3927,1.1775,0.4150,0.2437,0.0874,0.0947,1.1165
Mali,2020,Sub-Saharan Africa,114,4.7293,0.3525,0.9731,0.2350,0.3775,0.0621,0.1697,2.5593
Congo,2020,Sub-Saharan Africa,88,5.1944,0.6336,0.7576,0.4581,0.3865,0.1187,0.1172,2.7226
Senegal,2020,Sub-Saharan Africa,101,4.9808,0.5041,0.9546,0.5184,0.3524,0.0819,0.1644,2.4051
Gabon,2020,Sub-Saharan Africa,108,4.8293,0.9880,1.1064,0.5226,0.3695,0.0558,0.0520,1.7350
Niger,2020,Sub-Saharan Africa,103,4.9096,0.1083,0.7038,0.2988,0.4353,0.1376,0.2082,3.0176
Cambodia,2020,Southeastern Asia,106,4.8484,0.5446,1.0714,0.5879,0.6749,0.0728,0.2333,1.6633
Tanzania,2020,Sub-Saharan Africa,148,3.4762,0.4572,0.8727,0.4427,0.5093,0.2039,0.2715,0.7190
Madagascar,2020,Sub-Saharan Africa,137,4.1656,0.2446,0.8237,0.5006,0.1930,0.0762,0.1912,2.1363
Chad,2020,Sub-Saharan Africa,127,4.4227,0.3023,0.7391,0.1087,0.2286,0.0858,0.2108,2.7474
Guinea,2020,Sub-Saharan Africa,102,4.9493,0.3900,0.7514,0.3337,0.3719,0.1122,0.2495,2.7407
Côte d'Ivoire,2020,Sub-Saharan Africa,126,4.4320,0.3123,1.0523,0.3783,0.4017,0.0638,0.2648,1.9587
Burkina Faso,2020,Sub-Saharan Africa,112,4.7687,0.3025,0.9294,0.3128,0.3224,0.1264,0.1864,2.5888
Afghanistan,2020,Southern Asia,153,2.5669,0.3007,0.3564,0.2661,0.0000,0.0012,0.1352,1.5072
Rwanda,2020,Sub-Saharan Africa,150,3.3123,0.3432,0.5229,0.5724,0.6041,0.4855,0.2357,0.5484
Benin,2020,Sub-Saharan Africa,86,5.2160,0.3662,0.3524,0.3281,0.4058,0.1259,0.1967,3.4408
Burundi,2020,Sub-Saharan Africa,140,3.7753,0.0000,0.4036,0.2952,0.2754,0.2122,0.1874,2.4015
Togo,2020,Sub-Saharan Africa,135,4.1872,0.2681,0.5476,0.3427,0.3035,0.1148,0.2008,2.4096
Switzerland,2021,Western Europe,3,7.5710,1.5660,1.0790,0.8160,0.6530,0.4130,0.2040,2.8390
Iceland,2021,Western Europe,4,7.5540,1.4820,1.1720,0.7720,0.6980,0.1700,0.2930,2.9670
Denmark,2021,Western Europe,2,7.6200,1.5020,1.1080,0.7630,0.6860,0.4850,0.2080,2.8680
Norway,2021,Western Europe,6,7.3920,1.5430,1.1080,0.7820,0.7030,0.4270,0.2490,2.5800
Canada,2021,North America,14,7.1030,1.4470,1.0440,0.7980,0.6480,0.3350,0.2460,2.5850
Finland,2021,Western Europe,1,7.8420,1.4460,1.1060,0.7410,0.6910,0.4810,0.1240,3.2530
Netherlands,2021,Western Europe,5,7.4640,1.5010,1.0790,0.7530,0.6470,0.3840,0.3020,2.7980
Sweden,2021,Western Europe,7,7.3630,1.4780,1.0620,0.7630,0.6850,0.4480,0.2440,2.6830
New Zealand,2021,Australia and New Zealand,9,7.2770,1.4000,1.0940,0.7850,0.6650,0.4450,0.2760,2.6120
Australia,2021,Australia and New Zealand,11,7.1830,1.4530,1.0760,0.8010,0.6470,0.3170,0.2910,2.5980
Israel,2021,Middle East and Northern Africa,12,7.1570,1.3760,1.0740,0.7880,0.5090,0.1190,0.2080,3.0830
Costa Rica,2021,Latin America and Caribbean,16,7.0690,1.1340,0.9660,0.7220,0.6730,0.0830,0.1050,3.3870
Austria,2021,Western Europe,10,7.2680,1.4920,1.0620,0.7820,0.6400,0.2920,0.2150,2.7840
Mexico,2021,Latin America and Caribbean,36,6.3170,1.1260,0.8300,0.6340,0.5850,0.0890,0.0920,2.9610
United States of America,2021,North America,19,6.9510,1.5330,1.0300,0.6210,0.5540,0.1540,0.2520,2.8070
Brazil,2021,Latin America and Caribbean,35,6.3300,1.0280,0.9440,0.5710,0.5140,0.1170,0.1420,3.0150
Luxembourg,2021,Western Europe,8,7.3240,1.7510,1.0030,0.7600,0.6390,0.3530,0.1660,2.6530
Ireland,2021,Western Europe,15,7.0850,1.6440,1.0920,0.7530,0.6060,0.3670,0.2380,2.3840
United Arab Emirates,2021,Middle East and Northern Africa,25,6.5610,1.5550,0.8600,0.5940,0.6700,0.2230,0.2360,2.4220
United Kingdom,2021,Western Europe,17,7.0640,1.4230,1.0620,0.7570,0.5800,0.3060,0.3400,2.5960
Venezuela,2021,Latin America and Caribbean,107,4.8920,0.8520,0.8970,0.5740,0.2840,0.0720,0.0780,2.1350
Singapore,2021,Southeastern Asia,32,6.3770,1.6950,1.0190,0.8970,0.6640,0.5470,0.1760,1.3790
Panama,2021,Latin America and Caribbean,41,6.1800,1.2980,0.9760,0.6670,0.5960,0.0530,0.0790,2.5090
Germany,2021,Western Europe,13,7.1550,1.4800,0.9930,0.7570,0.6000,0.3060,0.1950,2.8240
Chile,2021,Latin America and Caribbean,43,6.1720,1.2000,0.9460,0.6780,0.4380,0.0700,0.1590,2.6820
France,2021,Western Europe,21,6.6900,1.4210,1.0810,0.8040,0.5360,0.2350,0.0920,2.5210
Argentina,2021,Latin America and Caribbean,57,5.9290,1.1620,0.9800,0.6460,0.5440,0.0670,0.0690,2.4610
Czechia,2021,Central and Eastern Europe,18,6.9650,1.3700,1.0900,0.7030,0.5800,0.0460,0.0520,3.1240
Uruguay,2021,Latin America and Caribbean,31,6.4310,1.1640,1.0420,0.6490,0.6250,0.2230,0.1280,2.6000
Colombia,2021,Latin America and Caribbean,52,6.0120,1.0210,0.8660,0.6150,0.5540,0.0630,0.1000,2.7940
Thailand,2021,Southeastern Asia,54,5.9850,1.1070,0.9570,0.5960,0.6110,0.0280,0.3750,2.3090
Saudi Arabia,2021,Middle East and Northern Africa,26,6.4940,1.4350,0.9640,0.5710,0.6030,0.1630,0.0900,2.6680
Spain,2021,Western Europe,27,6.4910,1.3750,1.0570,0.8260,0.4620,0.1240,0.1350,2.5130
Malta,2021,Western Europe,23,6.6020,1.4110,1.0550,0.7470,0.6640,0.1830,0.2750,2.2680
Kuwait,2021,Middle East and Northern Africa,47,6.1060,1.4610,0.8570,0.5800,0.5910,0.1300,0.1200,2.3680
El Salvador,2021,Latin America and Caribbean,49,6.0610,0.8450,0.6750,0.5650,0.6150,0.1600,0.1160,3.0850
Guatemala,2021,Latin America and Caribbean,30,6.4350,0.8450,0.7900,0.5190,0.6380,0.1050,0.1630,3.3750
Uzbekistan,2021,Central and Eastern Europe,42,6.1790,0.7690,1.0270,0.5280,0.7160,0.2710,0.3910,2.4770
Slovakia,2021,Central and Eastern Europe,34,6.3310,1.3040,1.0660,0.6530,0.4680,0.0180,0.1070,2.7140
Japan,2021,Eastern Asia,56,5.9400,1.3890,0.9490,0.8380,0.5040,0.1920,0.0200,2.0480
South Korea,2021,Eastern Asia,62,5.8450,1.4030,0.7580,0.8010,0.3530,0.1350,0.1340,2.2620
Ecuador,2021,Latin America and Caribbean,66,5.7640,0.9350,0.8060,0.6400,0.5600,0.0620,0.1070,2.6530
Bahrain,2021,Middle East and Northern Africa,22,6.6470,1.4090,0.8990,0.6620,0.6610,0.1390,0.2460,2.6310
Italy,2021,Western Europe,28,6.4830,1.3930,0.9400,0.7980,0.3790,0.0470,0.1330,2.7940
Bolivia,2021,Latin America and Caribbean,69,5.7160,0.8420,0.7820,0.4860,0.6000,0.0640,0.1380,2.8050
Moldova,2021,Central and Eastern Europe,65,5.7660,0.9850,0.8880,0.5420,0.5360,0.0130,0.1370,2.6650
Paraguay,2021,Latin America and Caribbean,71,5.6530,0.9830,0.9700,0.5490,0.6020,0.0370,0.2060,2.3060
Kazakhstan,2021,Central and Eastern Europe,45,6.1520,1.2300,1.1030,0.5270,0.5730,0.1320,0.1430,2.4460
Slovenia,2021,Central and Eastern Europe,29,6.4610,1.3600,1.0930,0.7220,0.6900,0.0850,0.1220,2.3880
Lithuania,2021,Central and Eastern Europe,38,6.2550,1.3500,1.0650,0.6120,0.4760,0.0730,0.0560,2.6240
Nicaragua,2021,Latin America and Caribbean,55,5.9720,0.6930,0.9040,0.6040,0.5530,0.1760,0.2010,2.8410
Peru,2021,Latin America and Caribbean,63,5.8400,0.9860,0.8330,0.6230,0.5360,0.0310,0.0870,2.7440
Belarus,2021,Central and Eastern Europe,75,5.5340,1.1240,1.0070,0.5600,0.3260,0.1990,0.0700,2.2470
Poland,2021,Central and Eastern Europe,44,6.1660,1.3090,0.9820,0.6680,0.5580,0.1300,0.0800,2.4380
Malaysia,2021,Southeastern Asia,81,5.3840,1.2590,0.7970,0.5870,0.6240,0.0640,0.2700,1.7840
Croatia,2021,Central and Eastern Europe,60,5.8820,1.2510,1.0390,0.7030,0.4530,0.0000,0.1110,2.3250
Libya,2021,Middle East and Northern Africa,80,5.4100,1.0440,0.8210,0.4350,0.4740,0.1740,0.1310,2.3310
Russia,2021,Central and Eastern Europe,76,5.4770,1.2410,0.9920,0.5110,0.4090,0.0600,0.1150,2.1480
Jamaica,2021,Latin America and Caribbean,37,6.3090,0.8910,0.9320,0.5990,0.6180,0.0350,0.0990,3.1350
Cyprus,2021,Western Europe,39,6.2230,1.3770,0.7650,0.8010,0.4640,0.0610,0.1780,2.5780
Algeria,2021,Middle East and Northern Africa,109,4.8870,0.9460,0.7650,0.5520,0.1190,0.1200,0.1440,2.2420
Kosovo,2021,Central and Eastern Europe,33,6.3720,0.9370,0.8070,0.4830,0.5930,0.0140,0.3560,3.1820
Turkmenistan,2021,Central and Eastern Europe,97,5.0660,1.0460,1.1720,0.4390,0.6020,0.0330,0.3660,1.4090
Mauritius,2021,Sub-Saharan Africa,50,6.0490,1.1780,0.9960,0.5740,0.5900,0.0960,0.1530,2.4620
Estonia,2021,Central and Eastern Europe,40,6.1890,1.3440,1.0790,0.6400,0.6410,0.2630,0.1190,2.1030
Indonesia,2021,Southeastern Asia,82,5.3450,0.9540,0.7860,0.4330,0.5980,0.0460,0.5410,1.9870
Vietnam,2021,Southeastern Asia,79,5.4110,0.8170,0.8730,0.6160,0.6790,0.0910,0.1240,2.2110
Turkey,2021,Middle East and Northern Africa,104,4.9480,1.2600,0.8090,0.5900,0.2360,0.1040,0.0970,1.8520
Kyrgyzstan,2021,Central and Eastern Europe,67,5.7440,0.6650,0.9710,0.5010,0.6730,0.0200,0.2660,2.6480
Nigeria,2021,Sub-Saharan Africa,116,4.7590,0.6630,0.6250,0.0510,0.4330,0.0390,0.2120,2.7360
Azerbaijan,2021,Central and Eastern Europe,90,5.1710,1.0250,0.8410,0.5410,0.5260,0.2760,0.0430,1.9190
Pakistan,2021,Southern Asia,105,4.9340,0.6370,0.4230,0.3220,0.4180,0.0970,0.2520,2.7840
Jordan,2021,Middle East and Northern Africa,127,4.3950,0.8900,0.6850,0.5830,0.4550,0.1500,0.0790,1.5530
Montenegro,2021,Central and Eastern Europe,72,5.5810,1.1550,0.8910,0.6370,0.3970,0.0810,0.1660,2.2540
China,2021,Eastern Asia,84,5.3390,1.0610,0.7850,0.6650,0.6360,0.1170,0.0930,1.9820
Zambia,2021,Sub-Saharan Africa,137,4.0730,0.5280,0.5520,0.2310,0.4870,0.0740,0.2270,1.9750
Romania,2021,Central and Eastern Europe,46,6.1400,1.2750,0.8320,0.5950,0.5640,0.0010,0.0450,2.8300
Serbia,2021,Central and Eastern Europe,48,6.0780,1.1010,0.9240,0.6340,0.4820,0.0660,0.1890,2.6820
Portugal,2021,Western Europe,58,5.9290,1.3230,0.9390,0.7600,0.6210,0.0330,0.0290,2.2250
Latvia,2021,Central and Eastern Europe,51,6.0320,1.2850,1.0470,0.5870,0.4050,0.0890,0.0820,2.5360
Philippines,2021,Southeastern Asia,61,5.8800,0.8530,0.8280,0.4260,0.6510,0.1260,0.1250,2.8720
Morocco,2021,Middle East and Northern Africa,106,4.9180,0.7920,0.2190,0.5580,0.4770,0.0880,0.0340,2.7490
Albania,2021,Central and Eastern Europe,93,5.1170,1.0080,0.5290,0.6460,0.4910,0.0240,0.1680,2.2500
Bosnia and Herz.,2021,Central and Eastern Europe,64,5.8130,1.0320,0.9190,0.6180,0.3950,0.0050,0.2610,2.5830
Dominican Rep.,2021,Western Europe,20,6.8340,1.4630,0.9980,0.7470,0.4890,0.1870,0.0880,2.8620
Mongolia,2021,Eastern Asia,70,5.6770,0.9660,1.0650,0.4420,0.3970,0.0530,0.2630,2.4920
Greece,2021,Western Europe,68,5.7230,1.2730,0.8110,0.7600,0.2430,0.0740,0.0000,2.5610
Lebanon,2021,Middle East and Northern Africa,123,4.5840,1.0450,0.8680,0.5950,0.1750,0.0260,0.1400,1.7360
Hungary,2021,Central and Eastern Europe,53,5.9920,1.3010,1.0830,0.6150,0.4540,0.0400,0.0670,2.4320
Honduras,2021,Latin America and Caribbean,59,5.9190,0.7030,0.7870,0.5930,0.5780,0.0830,0.2410,2.9340
Tajikistan,2021,Central and Eastern Europe,78,5.4660,0.5080,0.8950,0.4980,0.5480,0.2470,0.1520,2.6190
Tunisia,2021,Middle East and Northern Africa,122,4.5960,0.9190,0.5150,0.5900,0.3340,0.0440,0.0570,2.1380
Palestine,2021,Middle East and Northern Africa,125,4.5170,0.6460,0.8190,0.4340,0.3300,0.0750,0.0820,2.1310
Bangladesh,2021,Southern Asia,101,5.0250,0.6350,0.5200,0.5140,0.6030,0.1640,0.1610,2.4270
Iran,2021,Middle East and Northern Africa,118,4.7210,1.0300,0.5570,0.5610,0.2750,0.1440,0.3300,1.8230
Ukraine,2021,Central and Eastern Europe,110,4.8750,0.9790,0.9580,0.5170,0.4170,0.0100,0.1810,1.8130
Iraq,2021,Middle East and Northern Africa,111,4.8540,0.9100,0.6380,0.3810,0.3020,0.0410,0.1530,2.4290
South Africa,2021,Sub-Saharan Africa,103,4.9560,0.9670,0.8950,0.2650,0.4470,0.0510,0.1440,2.1870
Ghana,2021,Sub-Saharan Africa,95,5.0880,0.6800,0.5950,0.2870,0.5170,0.0580,0.2680,2.6840
Zimbabwe,2021,Sub-Saharan Africa,148,3.1450,0.4570,0.6490,0.2430,0.3590,0.0750,0.1570,1.2050
Liberia,2021,Sub-Saharan Africa,120,4.6250,0.2280,0.5800,0.2530,0.4300,0.0570,0.2210,2.8570
India,2021,Southern Asia,139,3.8190,0.7410,0.3160,0.3830,0.6220,0.1060,0.2460,1.4050
Haiti,2021,Latin America and Caribbean,143,3.6150,0.2940,0.1730,0.2270,0.2570,0.1390,0.4630,2.0600
Nepal,2021,Southern Asia,87,5.2690,0.5190,0.7020,0.4960,0.4880,0.1350,0.2870,2.6420
Ethiopia,2021,Sub-Saharan Africa,133,4.2750,0.3700,0.6790,0.3310,0.4510,0.1140,0.2410,2.0890
Sierra Leone,2021,Sub-Saharan Africa,138,3.8490,0.2790,0.3770,0.1000,0.4080,0.0470,0.2430,2.3960
Mauritania,2021,Sub-Saharan Africa,134,4.2270,0.6660,0.7490,0.2730,0.2180,0.1330,0.1190,2.0690
Kenya,2021,Sub-Saharan Africa,121,4.6070,0.6030,0.5080,0.3850,0.4830,0.0730,0.3750,2.1800
Armenia,2021,Central and Eastern Europe,86,5.2830,0.9960,0.7580,0.5850,0.5400,0.1980,0.0790,2.1270
Botswana,2021,Sub-Saharan Africa,146,3.4670,1.0990,0.7240,0.3400,0.5390,0.0880,0.0270,0.6480
Georgia,2021,Central and Eastern Europe,108,4.8910,1.0300,0.4700,0.4980,0.4880,0.1810,0.0320,2.1910
Malawi,2021,Sub-Saharan Africa,144,3.6000,0.1130,0.1680,0.2980,0.4840,0.1340,0.2130,2.1900
Sri Lanka,2021,Southern Asia,129,4.3250,0.9900,0.8200,0.5930,0.5590,0.0490,0.2390,1.0750
Cameroon,2021,Sub-Saharan Africa,91,5.1420,0.5430,0.5560,0.1590,0.4250,0.0580,0.2050,3.1950
Bulgaria,2021,Central and Eastern Europe,88,5.2660,1.1810,1.0550,0.5830,0.4940,0.0050,0.1250,1.8230
Egypt,2021,Middle East and Northern Africa,132,4.2830,0.9540,0.6470,0.4260,0.4460,0.0920,0.0690,1.6480
Yemen,2021,Middle East and Northern Africa,141,3.6580,0.3290,0.8310,0.2720,0.2680,0.0890,0.0920,1.7760
Mali,2021,Sub-Saharan Africa,117,4.7230,0.3870,0.5900,0.1100,0.3840,0.0720,0.1640,3.0160
Congo,2021,Sub-Saharan Africa,83,5.3420,0.5180,0.3920,0.3070,0.3810,0.1240,0.1440,3.4760
Senegal,2021,Sub-Saharan Africa,92,5.1320,0.5180,0.5580,0.3570,0.3810,0.0880,0.1580,3.0710
Gabon,2021,Sub-Saharan Africa,112,4.8520,1.0370,0.7070,0.3620,0.4240,0.0640,0.0580,2.2010
Niger,2021,Sub-Saharan Africa,96,5.0740,0.1620,0.4020,0.1670,0.5160,0.1570,0.2000,3.4700
Cambodia,2021,Southeastern Asia,114,4.8300,0.6030,0.6800,0.4260,0.7020,0.0610,0.2100,2.1480
Tanzania,2021,Sub-Saharan Africa,142,3.6230,0.4330,0.5400,0.3000,0.5490,0.2310,0.3070,1.2630
Madagascar,2021,Sub-Saharan Africa,135,4.2080,0.2660,0.5030,0.3410,0.2070,0.0870,0.1850,2.6200
Chad,2021,Sub-Saharan Africa,128,4.3550,0.2550,0.3530,0.0000,0.2400,0.0840,0.2150,3.2090
Guinea,2021,Sub-Saharan Africa,102,4.9840,0.4200,0.3990,0.2060,0.3840,0.1110,0.2500,3.2160
Côte d'Ivoire,2021,Sub-Saharan Africa,85,5.3060,0.6690,0.4090,0.0520,0.4380,0.0920,0.1770,3.4690
Burkina Faso,2021,Sub-Saharan Africa,113,4.8340,0.3640,0.4720,0.1790,0.3810,0.1220,0.1820,3.1330
Afghanistan,2021,Southern Asia,149,2.5230,0.3700,0.0000,0.1260,0.0000,0.0100,0.1220,1.8950
Rwanda,2021,Sub-Saharan Africa,147,3.4150,0.3640,0.2020,0.4070,0.6270,0.4930,0.2270,1.0950
Benin,2021,Sub-Saharan Africa,99,5.0450,0.5070,0.0580,0.1960,0.4570,0.1780,0.1660,3.4820
Burundi,2021,Sub-Saharan Africa,140,3.7750,0.0000,0.0620,0.1550,0.2980,0.2120,0.1720,2.8760
Togo,2021,Sub-Saharan Africa,136,4.1070,0.2540,0.2390,0.2030,0.2890,0.1070,0.2090,2.8060
