,country,year,region,happiness_rank,happiness_score,economy_GDP_per_capita,family,health_life_expectancy,freedom,trust_government_corruption,generosity,dystopia_residual,happiness_level
0,Switzerland,2015,Western Europe,1,7.587,1.3965,1.3495,0.9414,0.6656,0.4198,0.2968,2.5174,1. x>7
1,Iceland,2015,Western Europe,2,7.561,1.3023,1.4022,0.9478,0.6288,0.1415,0.4363,2.702,1. x>7
2,Denmark,2015,Western Europe,3,7.527,1.3255,1.3606,0.8746,0.6494,0.4836,0.3414,2.492,1. x>7
3,Norway,2015,Western Europe,4,7.522,1.459,1.331,0.8852,0.6697,0.365,0.347,2.4653,1. x>7
4,Canada,2015,North America,5,7.427,1.3263,1.3226,0.9056,0.633,0.3296,0.4581,2.4518,1. x>7
5,Finland,2015,Western Europe,6,7.406,1.2903,1.3183,0.8891,0.6417,0.4137,0.2335,2.6196,1. x>7
6,Netherlands,2015,Western Europe,7,7.378,1.3294,1.2802,0.8928,0.6158,0.3181,0.4761,2.4657,1. x>7
7,Sweden,2015,Western Europe,8,7.364,1.3317,1.2891,0.9109,0.6598,0.4384,0.3626,2.3712,1. x>7
8,New Zealand,2015,Australia and New Zealand,9,7.286,1.2502,1.3197,0.9084,0.6394,0.4292,0.475,2.2643,1. x>7
9,Australia,2015,Australia and New Zealand,10,7.284,1.3336,1.3092,0.9316,0.6512,0.3564,0.4356,2.2665,1. x>7
10,Israel,2015,Middle East and Northern Africa,11,7.278,1.2286,1.2239,0.9139,0.4132,0.0779,0.3317,3.0885,1. x>7
11,Costa Rica,2015,Latin America and Caribbean,12,7.226,0.9558,1.2379,0.8603,0.6338,0.1058,0.255,3.1773,1. x>7
12,Austria,2015,Western Europe,13,7.2,1.3372,1.297,0.8904,0.6243,0.1868,0.3309,2.5332,1. x>7
13,Mexico,2015,Latin America and Caribbean,14,7.187,1.0205,0.9145,0.8144,0.4818,0.2131,0.1407,3.6021,1. x>7
14,United States of America,2015,North America,15,7.119,1.3945,1.2471,0.8618,0.546,0.1589,0.4011,2.5101,1. x>7
15,Brazil,2015,Latin America and Caribbean,16,6.983,0.9812,1.2329,0.697,0.4905,0.1752,0.1457,3.26,2. 6<x<=7
16,Luxembourg,2015,Western Europe,17,6.946,1.5639,1.2196,0.9189,0.6158,0.378,0.2803,1.9696,2. 6<x<=7
17,Ireland,2015,Western Europe,18,6.94,1.336,1.3695,0.8953,0.6178,0.287,0.459,1.9757,2. 6<x<=7
18,United Arab Emirates,2015,Middle East and Northern Africa,20,6.901,1.4273,1.1258,0.8093,0.6416,0.3858,0.2643,2.2474,2. 6<x<=7
19,United Kingdom,2015,Western Europe,21,6.867,1.2664,1.2855,0.9094,0.5963,0.3207,0.5191,1.9699,2. 6<x<=7
20,Venezuela,2015,Latin America and Caribbean,23,6.81,1.0442,1.256,0.7205,0.4291,0.1107,0.0584,3.1913,2. 6<x<=7
21,Singapore,2015,Southeastern Asia,24,6.798,1.5219,1.02,1.0253,0.5425,0.4921,0.3111,1.885,2. 6<x<=7
22,Panama,2015,Latin America and Caribbean,25,6.786,1.0635,1.1985,0.7966,0.5421,0.0927,0.2443,2.8485,2. 6<x<=7
23,Germany,2015,Western Europe,26,6.75,1.3279,1.2994,0.8919,0.6148,0.2184,0.2821,2.1157,2. 6<x<=7
24,Chile,2015,Latin America and Caribbean,27,6.67,1.1072,1.1245,0.8586,0.4413,0.1287,0.3336,2.6759,2. 6<x<=7
25,France,2015,Western Europe,29,6.575,1.2778,1.2604,0.9458,0.5501,0.2065,0.1233,2.2113,2. 6<x<=7
26,Argentina,2015,Latin America and Caribbean,30,6.574,1.0535,1.2482,0.7872,0.4497,0.0848,0.1145,2.836,2. 6<x<=7
27,Czechia,2015,Central and Eastern Europe,31,6.505,1.179,1.2064,0.8448,0.4636,0.0265,0.1069,2.6778,2. 6<x<=7
28,Uruguay,2015,Latin America and Caribbean,32,6.485,1.0617,1.2089,0.8116,0.6036,0.2456,0.2324,2.3214,2. 6<x<=7
29,Colombia,2015,Latin America and Caribbean,33,6.477,0.9186,1.2402,0.6908,0.5347,0.0512,0.184,2.8574,2. 6<x<=7
30,Thailand,2015,Southeastern Asia,34,6.455,0.9669,1.265,0.7385,0.5566,0.0319,0.5763,2.3195,2. 6<x<=7
31,Saudi Arabia,2015,Middle East and Northern Africa,35,6.411,1.3954,1.0839,0.7203,0.3105,0.3252,0.1371,2.4387,2. 6<x<=7
32,Spain,2015,Western Europe,36,6.329,1.2301,1.3138,0.9556,0.4595,0.064,0.1823,2.1237,2. 6<x<=7
33,Malta,2015,Western Europe,37,6.302,1.2074,1.302,0.8872,0.6037,0.1359,0.5175,1.6488,2. 6<x<=7
34,Kuwait,2015,Middle East and Northern Africa,39,6.295,1.5542,1.1659,0.7249,0.555,0.2561,0.1623,1.8763,2. 6<x<=7
35,El Salvador,2015,Latin America and Caribbean,42,6.13,0.7645,1.0251,0.6774,0.4035,0.1178,0.1069,3.035,2. 6<x<=7
36,Guatemala,2015,Latin America and Caribbean,43,6.123,0.7455,1.0436,0.6443,0.5773,0.0947,0.2749,2.7426,2. 6<x<=7
37,Uzbekistan,2015,Central and Eastern Europe,44,6.003,0.6324,1.3404,0.5977,0.6582,0.3083,0.2284,2.2374,2. 6<x<=7
38,Slovakia,2015,Central and Eastern Europe,45,5.995,1.1689,1.27,0.789,0.3175,0.0343,0.1689,2.2464,3. 5<x<=6
39,Japan,2015,Eastern Asia,46,5.987,1.2707,1.2571,0.9911,0.4962,0.1806,0.1071,1.6844,3. 5<x<=6
40,South Korea,2015,Eastern Asia,47,5.984,1.2446,0.9577,0.9654,0.3321,0.0786,0.1856,2.2198,3. 5<x<=6
41,Ecuador,2015,Latin America and Caribbean,48,5.975,0.864,0.999,0.7908,0.4857,0.1809,0.1154,2.5394,3. 5<x<=6
42,Bahrain,2015,Middle East and Northern Africa,49,5.96,1.3238,1.2162,0.7472,0.4549,0.306,0.1736,1.738,3. 5<x<=6
43,Italy,2015,Western Europe,50,5.948,1.2511,1.1978,0.9545,0.2624,0.029,0.2282,2.0252,3. 5<x<=6
44,Bolivia,2015,Latin America and Caribbean,51,5.89,0.6813,0.9784,0.5392,0.5741,0.088,0.2054,2.8233,3. 5<x<=6
45,Moldova,2015,Central and Eastern Europe,52,5.889,0.5945,1.0153,0.6183,0.3282,0.0162,0.2095,3.1071,3. 5<x<=6
46,Paraguay,2015,Latin America and Caribbean,53,5.878,0.7599,1.3048,0.661,0.539,0.0824,0.3424,2.189,3. 5<x<=6
47,Kazakhstan,2015,Central and Eastern Europe,54,5.855,1.1225,1.1224,0.6437,0.5165,0.0845,0.1183,2.2473,3. 5<x<=6
48,Slovenia,2015,Central and Eastern Europe,55,5.848,1.185,1.2739,0.8734,0.6086,0.0379,0.2533,1.6158,3. 5<x<=6
49,Lithuania,2015,Central and Eastern Europe,56,5.833,1.1472,1.2575,0.7313,0.2134,0.0103,0.0264,2.4465,3. 5<x<=6
50,Nicaragua,2015,Latin America and Caribbean,57,5.828,0.5933,1.1418,0.7431,0.5548,0.1932,0.2782,2.3241,3. 5<x<=6
51,Peru,2015,Latin America and Caribbean,58,5.824,0.9002,0.9746,0.7302,0.415,0.0599,0.1498,2.5945,3. 5<x<=6
52,Belarus,2015,Central and Eastern Europe,59,5.813,1.0319,1.2329,0.7361,0.3794,0.1909,0.1105,2.1309,3. 5<x<=6
53,Poland,2015,Central and Eastern Europe,60,5.791,1.1256,1.2795,0.779,0.5312,0.0421,0.1676,1.8657,3. 5<x<=6
54,Malaysia,2015,Southeastern Asia,61,5.77,1.1249,1.0702,0.7239,0.5302,0.105,0.3308,1.8854,3. 5<x<=6
55,Croatia,2015,Central and Eastern Europe,62,5.759,1.0825,0.7962,0.7881,0.2588,0.0243,0.0544,2.7541,3. 5<x<=6
56,Libya,2015,Middle East and Northern Africa,63,5.754,1.1315,1.1186,0.7038,0.4167,0.1102,0.183,2.0907,3. 5<x<=6
57,Russia,2015,Central and Eastern Europe,64,5.716,1.1376,1.2362,0.6693,0.3668,0.0301,0.002,2.2739,3. 5<x<=6
58,Jamaica,2015,Latin America and Caribbean,65,5.709,0.8104,1.151,0.6874,0.5044,0.023,0.2123,2.3204,3. 5<x<=6
59,Cyprus,2015,Western Europe,67,5.689,1.2081,0.8932,0.9236,0.4067,0.0615,0.3064,1.8893,3. 5<x<=6
60,Algeria,2015,Middle East and Northern Africa,68,5.605,0.9393,1.0777,0.6177,0.2858,0.1738,0.0782,2.4321,3. 5<x<=6
61,Kosovo,2015,Central and Eastern Europe,69,5.589,0.8015,0.812,0.6313,0.2475,0.0474,0.2831,2.7658,3. 5<x<=6
62,Turkmenistan,2015,Central and Eastern Europe,70,5.548,0.9585,1.2267,0.5389,0.4761,0.3084,0.1698,1.8698,3. 5<x<=6
63,Mauritius,2015,Sub-Saharan Africa,71,5.477,1.0076,0.9852,0.7095,0.5607,0.0752,0.3774,1.7615,3. 5<x<=6
64,Estonia,2015,Central and Eastern Europe,73,5.429,1.1517,1.2279,0.7736,0.4489,0.1518,0.0868,1.5878,3. 5<x<=6
65,Indonesia,2015,Southeastern Asia,74,5.399,0.8283,1.0871,0.6379,0.4661,0.0,0.5154,1.864,3. 5<x<=6
66,Vietnam,2015,Southeastern Asia,75,5.36,0.6322,0.9123,0.7468,0.5944,0.1044,0.1686,2.2017,3. 5<x<=6
67,Turkey,2015,Middle East and Northern Africa,76,5.332,1.061,0.9463,0.7317,0.2282,0.1575,0.1225,2.0853,3. 5<x<=6
68,Kyrgyzstan,2015,Central and Eastern Europe,77,5.286,0.4743,1.1512,0.6509,0.4348,0.0423,0.3003,2.2327,3. 5<x<=6
69,Nigeria,2015,Sub-Saharan Africa,78,5.268,0.6544,0.9043,0.1601,0.3433,0.0403,0.2723,2.8932,3. 5<x<=6
70,Azerbaijan,2015,Central and Eastern Europe,80,5.212,1.0239,0.9379,0.6405,0.3703,0.1607,0.078,2.0007,3. 5<x<=6
71,Pakistan,2015,Southern Asia,81,5.194,0.5954,0.4141,0.5147,0.121,0.1046,0.3367,3.1071,3. 5<x<=6
72,Jordan,2015,Middle East and Northern Africa,82,5.192,0.902,1.0539,0.6964,0.4066,0.1429,0.1105,1.88,3. 5<x<=6
73,Montenegro,2015,Central and Eastern Europe,82,5.192,0.9744,0.9056,0.7252,0.1826,0.143,0.1614,2.1002,3. 5<x<=6
74,China,2015,Eastern Asia,84,5.14,0.8901,0.9468,0.8166,0.517,0.0278,0.0819,1.8604,3. 5<x<=6
75,Zambia,2015,Sub-Saharan Africa,85,5.129,0.4704,0.9161,0.2992,0.4883,0.1247,0.1959,2.6343,3. 5<x<=6
76,Romania,2015,Central and Eastern Europe,86,5.124,1.0435,0.8859,0.7689,0.3507,0.0065,0.1375,1.9313,3. 5<x<=6
77,Serbia,2015,Central and Eastern Europe,87,5.123,0.9205,1.0096,0.7484,0.2011,0.0262,0.1923,2.025,3. 5<x<=6
78,Portugal,2015,Western Europe,88,5.102,1.1599,1.1394,0.8752,0.5147,0.0108,0.1372,1.2646,3. 5<x<=6
79,Latvia,2015,Central and Eastern Europe,89,5.098,1.1131,1.0956,0.7244,0.2967,0.0633,0.1823,1.6222,3. 5<x<=6
80,Philippines,2015,Southeastern Asia,90,5.073,0.7053,1.0352,0.5811,0.6255,0.1228,0.2499,1.7536,3. 5<x<=6
81,Morocco,2015,Middle East and Northern Africa,92,5.013,0.7348,0.641,0.6095,0.4169,0.0855,0.0717,2.4537,3. 5<x<=6
82,Albania,2015,Central and Eastern Europe,95,4.959,0.8787,0.8043,0.8133,0.3573,0.0641,0.1427,1.8989,4. 4<x<=5
83,Bosnia and Herz.,2015,Central and Eastern Europe,96,4.949,0.8322,0.9192,0.7908,0.0925,0.0023,0.2481,2.0637,4. 4<x<=5
84,Dominican Rep.,2015,Latin America and Caribbean,98,4.885,0.8954,1.172,0.6683,0.5767,0.1423,0.2168,1.2131,4. 4<x<=5
85,Mongolia,2015,Eastern Asia,100,4.874,0.8282,1.3006,0.6027,0.4363,0.0267,0.3323,1.3476,4. 4<x<=5
86,Greece,2015,Western Europe,102,4.857,1.1541,0.9293,0.8821,0.077,0.014,0.0,1.801,4. 4<x<=5
87,Lebanon,2015,Middle East and Northern Africa,103,4.839,1.0256,0.8,0.8395,0.3392,0.0458,0.2185,1.5706,4. 4<x<=5
88,Hungary,2015,Central and Eastern Europe,104,4.8,1.1209,1.2022,0.7591,0.3211,0.0276,0.128,1.2407,4. 4<x<=5
89,Honduras,2015,Latin America and Caribbean,105,4.788,0.5953,0.9535,0.6951,0.4015,0.0683,0.2303,1.8441,4. 4<x<=5
90,Tajikistan,2015,Central and Eastern Europe,106,4.786,0.3905,0.8556,0.5738,0.4722,0.1507,0.2297,2.114,4. 4<x<=5
91,Tunisia,2015,Middle East and Northern Africa,107,4.739,0.8811,0.6043,0.7379,0.2627,0.0636,0.0643,2.1247,4. 4<x<=5
92,Palestine,2015,Middle East and Northern Africa,108,4.715,0.5987,0.9256,0.6602,0.245,0.1291,0.1125,2.0438,4. 4<x<=5
93,Bangladesh,2015,Southern Asia,109,4.694,0.3975,0.4311,0.6016,0.4082,0.1257,0.2122,2.5177,4. 4<x<=5
94,Iran,2015,Middle East and Northern Africa,110,4.686,1.0088,0.5445,0.6981,0.3003,0.0586,0.3809,1.6944,4. 4<x<=5
95,Ukraine,2015,Central and Eastern Europe,111,4.681,0.7991,1.2028,0.6739,0.2512,0.0296,0.1528,1.5714,4. 4<x<=5
96,Iraq,2015,Middle East and Northern Africa,112,4.677,0.9855,0.8189,0.6024,0.0,0.1379,0.1792,1.9534,4. 4<x<=5
97,South Africa,2015,Sub-Saharan Africa,113,4.642,0.9205,1.1847,0.2769,0.3321,0.0888,0.1197,1.7196,4. 4<x<=5
98,Ghana,2015,Sub-Saharan Africa,114,4.633,0.5456,0.6795,0.4013,0.4234,0.0436,0.2309,2.3092,4. 4<x<=5
99,Zimbabwe,2015,Sub-Saharan Africa,115,4.61,0.271,1.0328,0.3348,0.2586,0.0808,0.1899,2.4419,4. 4<x<=5
100,Liberia,2015,Sub-Saharan Africa,116,4.571,0.0712,0.7897,0.342,0.2853,0.0623,0.2436,2.7773,4. 4<x<=5
101,India,2015,Southern Asia,117,4.565,0.645,0.3817,0.5153,0.3979,0.0849,0.2648,2.2751,4. 4<x<=5
102,Haiti,2015,Latin America and Caribbean,119,4.518,0.2667,0.743,0.3885,0.2443,0.1718,0.4619,2.2417,4. 4<x<=5
103,Nepal,2015,Southern Asia,121,4.514,0.36,0.8645,0.5687,0.3828,0.0591,0.323,1.9564,4. 4<x<=5
104,Ethiopia,2015,Sub-Saharan Africa,122,4.512,0.1907,0.6041,0.4406,0.4345,0.1505,0.2433,2.4488,4. 4<x<=5
105,Sierra Leone,2015,Sub-Saharan Africa,123,4.507,0.3302,0.9557,0.0,0.4084,0.0879,0.2149,2.5101,4. 4<x<=5
106,Mauritania,2015,Sub-Saharan Africa,124,4.436,0.4541,0.8691,0.3587,0.2423,0.1746,0.219,2.1177,4. 4<x<=5
107,Kenya,2015,Sub-Saharan Africa,125,4.419,0.3647,0.9988,0.4144,0.4222,0.0584,0.3754,1.7856,4. 4<x<=5
108,Armenia,2015,Central and Eastern Europe,127,4.35,0.7682,0.7771,0.7299,0.1985,0.039,0.0786,1.7587,4. 4<x<=5
109,Botswana,2015,Sub-Saharan Africa,128,4.332,0.9936,1.1046,0.0478,0.495,0.1247,0.1046,1.4618,4. 4<x<=5
110,Georgia,2015,Central and Eastern Europe,130,4.297,0.7419,0.3856,0.7293,0.4058,0.3833,0.0555,1.5954,4. 4<x<=5
111,Malawi,2015,Sub-Saharan Africa,131,4.292,0.016,0.4113,0.2256,0.4305,0.0698,0.3313,2.8079,4. 4<x<=5
112,Sri Lanka,2015,Southern Asia,132,4.271,0.8352,1.0191,0.7081,0.5373,0.0918,0.4083,0.6711,4. 4<x<=5
113,Cameroon,2015,Sub-Saharan Africa,133,4.252,0.4225,0.8877,0.234,0.4931,0.0579,0.2062,1.9507,4. 4<x<=5
114,Bulgaria,2015,Central and Eastern Europe,134,4.218,1.0122,1.1061,0.7665,0.3059,0.0087,0.1192,0.8999,4. 4<x<=5
115,Egypt,2015,Middle East and Northern Africa,135,4.194,0.8818,0.747,0.6171,0.1729,0.0632,0.1129,1.5993,4. 4<x<=5
116,Yemen,2015,Middle East and Northern Africa,136,4.077,0.5465,0.6809,0.4006,0.3557,0.0785,0.0913,1.9231,4. 4<x<=5
117,Mali,2015,Sub-Saharan Africa,138,3.995,0.2607,1.0353,0.2058,0.3886,0.1235,0.188,1.7929,5. x<4
118,Congo,2015,Sub-Saharan Africa,139,3.989,0.6787,0.6629,0.3105,0.4147,0.1169,0.1239,1.6814,5. x<4
119,Senegal,2015,Sub-Saharan Africa,142,3.904,0.365,0.9762,0.4354,0.3677,0.1071,0.2084,1.444,5. x<4
120,Gabon,2015,Sub-Saharan Africa,143,3.896,1.0602,0.9053,0.4337,0.3191,0.1109,0.0682,0.999,5. x<4
121,Niger,2015,Sub-Saharan Africa,144,3.845,0.0694,0.7727,0.2971,0.4769,0.1564,0.1939,1.8788,5. x<4
122,Cambodia,2015,Southeastern Asia,145,3.819,0.4604,0.6274,0.6111,0.6625,0.0725,0.4036,0.982,5. x<4
123,Tanzania,2015,Sub-Saharan Africa,146,3.781,0.2852,1.0027,0.3822,0.3288,0.0575,0.3438,1.3808,5. x<4
124,Madagascar,2015,Sub-Saharan Africa,147,3.681,0.2082,0.668,0.4672,0.1918,0.0812,0.2133,1.851,5. x<4
125,Chad,2015,Sub-Saharan Africa,149,3.667,0.3419,0.7606,0.1501,0.235,0.0527,0.1839,1.943,5. x<4
126,Guinea,2015,Sub-Saharan Africa,150,3.656,0.1742,0.4648,0.2401,0.3773,0.1214,0.2866,1.9917,5. x<4
127,Côte d'Ivoire,2015,Sub-Saharan Africa,151,3.655,0.4653,0.7712,0.1519,0.4687,0.1792,0.2017,1.4172,5. x<4
128,Burkina Faso,2015,Sub-Saharan Africa,152,3.587,0.2581,0.8519,0.2713,0.3949,0.1283,0.2175,1.4649,5. x<4
129,Afghanistan,2015,Southern Asia,153,3.575,0.3198,0.3029,0.3034,0.2341,0.0972,0.3651,1.9521,5. x<4
130,Rwanda,2015,Sub-Saharan Africa,154,3.465,0.2221,0.7737,0.4286,0.592,0.5519,0.2263,0.6704,5. x<4
131,Benin,2015,Sub-Saharan Africa,155,3.34,0.2867,0.3539,0.3191,0.4845,0.0801,0.1826,1.6333,5. x<4
132,Burundi,2015,Sub-Saharan Africa,157,2.905,0.0153,0.4159,0.224,0.1185,0.1006,0.1973,1.833,5. x<4
133,Togo,2015,Sub-Saharan Africa,158,2.839,0.2087,0.14,0.2844,0.3645,0.1073,0.1668,1.5673,5. x<4
134,Switzerland,2016,Western Europe,2,7.509,1.5273,1.1452,0.863,0.5856,0.412,0.2808,2.6946,1. x>7
135,Iceland,2016,Western Europe,3,7.501,1.4267,1.1833,0.8673,0.5662,0.1498,0.4768,2.8314,1. x>7
136,Denmark,2016,Western Europe,1,7.526,1.4418,1.1637,0.795,0.5794,0.4445,0.3617,2.7394,1. x>7
137,Norway,2016,Western Europe,4,7.498,1.5774,1.1269,0.7958,0.5961,0.3578,0.379,2.6647,1. x>7
138,Canada,2016,North America,6,7.404,1.4402,1.0961,0.8276,0.5737,0.3133,0.4483,2.7049,1. x>7
139,Finland,2016,Western Europe,5,7.413,1.406,1.1346,0.8109,0.571,0.41,0.2549,2.826,1. x>7
140,Netherlands,2016,Western Europe,7,7.339,1.4647,1.0291,0.8123,0.5521,0.2993,0.4742,2.7075,1. x>7
141,Sweden,2016,Western Europe,10,7.291,1.4518,1.0876,0.8312,0.5822,0.4087,0.3825,2.5473,1. x>7
142,New Zealand,2016,Australia and New Zealand,8,7.334,1.3607,1.1728,0.831,0.5815,0.419,0.494,2.4755,1. x>7
143,Australia,2016,Australia and New Zealand,9,7.313,1.4444,1.1048,0.8512,0.5684,0.3233,0.4741,2.5465,1. x>7
144,Israel,2016,Middle East and Northern Africa,11,7.267,1.3377,0.9954,0.8492,0.3643,0.0873,0.3229,3.3103,1. x>7
145,Costa Rica,2016,Latin America and Caribbean,14,7.087,1.0688,1.0215,0.7615,0.5523,0.1055,0.2255,3.3517,1. x>7
146,Austria,2016,Western Europe,12,7.119,1.4504,1.0838,0.8057,0.5436,0.2135,0.3287,2.6934,1. x>7
147,Mexico,2016,Latin America and Caribbean,21,6.778,1.1151,0.7146,0.7114,0.3771,0.1836,0.1174,3.5591,2. 6<x<=7
148,United States of America,2016,North America,13,7.104,1.508,1.0478,0.779,0.4816,0.1487,0.4108,2.7278,1. x>7
149,Brazil,2016,Latin America and Caribbean,17,6.952,1.0875,1.0394,0.6142,0.4043,0.1417,0.1578,3.5073,2. 6<x<=7
150,Luxembourg,2016,Western Europe,20,6.871,1.6975,1.04,0.8454,0.5487,0.3533,0.2757,2.1106,2. 6<x<=7
151,Ireland,2016,Western Europe,19,6.907,1.4834,1.1616,0.8146,0.5401,0.2975,0.4496,2.1599,2. 6<x<=7
152,United Arab Emirates,2016,Middle East and Northern Africa,28,6.573,1.5735,0.8711,0.7299,0.5622,0.3556,0.2659,2.2151,2. 6<x<=7
153,United Kingdom,2016,Western Europe,23,6.725,1.4028,1.0867,0.8099,0.5004,0.274,0.5016,2.15,2. 6<x<=7
154,Venezuela,2016,Latin America and Caribbean,44,6.084,1.1337,1.033,0.619,0.1985,0.083,0.0425,2.9747,2. 6<x<=7
155,Singapore,2016,Southeastern Asia,22,6.739,1.6456,0.8676,0.9472,0.4877,0.4699,0.3271,1.9938,2. 6<x<=7
156,Panama,2016,Latin America and Caribbean,25,6.701,1.1831,0.9891,0.7084,0.4893,0.0842,0.2418,3.0056,2. 6<x<=7
157,Germany,2016,Western Europe,16,6.994,1.4479,1.0977,0.8149,0.5347,0.2855,0.3045,2.5093,2. 6<x<=7
158,Chile,2016,Latin America and Caribbean,24,6.705,1.2167,0.9059,0.8188,0.3779,0.1145,0.316,2.9551,2. 6<x<=7
159,France,2016,Western Europe,32,6.478,1.3949,1.0051,0.838,0.4656,0.1781,0.1216,2.4744,2. 6<x<=7
160,Argentina,2016,Latin America and Caribbean,26,6.65,1.1514,1.0661,0.6971,0.4228,0.073,0.1099,3.1299,2. 6<x<=7
161,Czechia,2016,Central and Eastern Europe,27,6.596,1.3092,1.0079,0.7638,0.4142,0.0399,0.0993,2.9621,2. 6<x<=7
162,Uruguay,2016,Latin America and Caribbean,29,6.545,1.1816,1.0314,0.7218,0.5439,0.2139,0.1806,2.6714,2. 6<x<=7
163,Colombia,2016,Latin America and Caribbean,31,6.481,1.0303,1.0217,0.5966,0.4474,0.054,0.1563,3.1747,2. 6<x<=7
164,Thailand,2016,Southeastern Asia,33,6.474,1.0893,1.0448,0.6492,0.4955,0.0283,0.587,2.5796,2. 6<x<=7
165,Saudi Arabia,2016,Middle East and Northern Africa,34,6.379,1.4895,0.8483,0.5927,0.379,0.3001,0.1546,2.6148,2. 6<x<=7
166,Spain,2016,Western Europe,37,6.361,1.3425,1.1295,0.879,0.3755,0.0614,0.1767,2.3966,2. 6<x<=7
167,Malta,2016,Western Europe,30,6.488,1.3078,1.0988,0.8032,0.5499,0.1755,0.5624,1.9903,2. 6<x<=7
168,Kuwait,2016,Middle East and Northern Africa,41,6.239,1.6171,0.8776,0.6357,0.4317,0.2367,0.1597,2.2809,2. 6<x<=7
169,El Salvador,2016,Latin America and Caribbean,46,6.068,0.8737,0.8098,0.596,0.3727,0.1061,0.0888,3.2213,2. 6<x<=7
170,Guatemala,2016,Latin America and Caribbean,39,6.324,0.8345,0.8712,0.5404,0.5038,0.087,0.2881,3.1986,2. 6<x<=7
171,Uzbekistan,2016,Central and Eastern Europe,49,5.987,0.7359,1.1681,0.5016,0.6085,0.2833,0.3433,2.3464,3. 5<x<=6
172,Slovakia,2016,Central and Eastern Europe,45,6.078,1.2797,1.0827,0.7037,0.2339,0.0295,0.1384,2.6107,2. 6<x<=7
173,Japan,2016,Eastern Asia,53,5.921,1.3801,1.0605,0.9149,0.4676,0.1899,0.1022,1.8058,3. 5<x<=6
174,South Korea,2016,Eastern Asia,57,5.835,1.3595,0.7219,0.8865,0.2517,0.0772,0.1882,2.3502,3. 5<x<=6
175,Ecuador,2016,Latin America and Caribbean,51,5.976,0.9731,0.8597,0.6861,0.4027,0.1804,0.1007,2.7737,3. 5<x<=6
176,Bahrain,2016,Middle East and Northern Africa,42,6.218,1.4402,0.944,0.657,0.4738,0.2577,0.1715,2.2741,2. 6<x<=7
177,Italy,2016,Western Europe,50,5.977,1.355,1.0417,0.851,0.1883,0.0256,0.1668,2.3492,3. 5<x<=6
178,Bolivia,2016,Latin America and Caribbean,59,5.822,0.7942,0.8378,0.4697,0.5096,0.0775,0.217,2.9164,3. 5<x<=6
179,Moldova,2016,Central and Eastern Europe,55,5.897,0.6918,0.8313,0.5231,0.252,0.019,0.2,3.3801,3. 5<x<=6
180,Paraguay,2016,Latin America and Caribbean,70,5.538,0.8937,1.1111,0.583,0.4624,0.074,0.253,2.1609,3. 5<x<=6
181,Kazakhstan,2016,Central and Eastern Europe,54,5.919,1.2294,0.9554,0.5739,0.4052,0.1113,0.1501,2.4933,3. 5<x<=6
182,Slovenia,2016,Central and Eastern Europe,63,5.768,1.2995,1.0561,0.7915,0.5316,0.0364,0.2574,1.7952,3. 5<x<=6
183,Lithuania,2016,Central and Eastern Europe,60,5.813,1.2692,1.0641,0.6467,0.1893,0.0182,0.0203,2.6053,3. 5<x<=6
184,Nicaragua,2016,Latin America and Caribbean,48,5.992,0.6938,0.8952,0.6521,0.4658,0.1629,0.2977,2.8243,3. 5<x<=6
185,Peru,2016,Latin America and Caribbean,64,5.743,0.996,0.8126,0.6299,0.375,0.0529,0.1453,2.7312,3. 5<x<=6
186,Belarus,2016,Central and Eastern Europe,61,5.802,1.1306,1.0499,0.631,0.2909,0.1746,0.1394,2.3858,3. 5<x<=6
187,Poland,2016,Central and Eastern Europe,57,5.835,1.2459,1.0469,0.6906,0.4519,0.055,0.1444,2.2004,3. 5<x<=6
188,Malaysia,2016,Southeastern Asia,47,6.005,1.2514,0.8803,0.6237,0.3903,0.0908,0.4147,2.3538,2. 6<x<=7
189,Croatia,2016,Central and Eastern Europe,74,5.488,1.1865,0.6081,0.7052,0.2391,0.04,0.1843,2.5246,3. 5<x<=6
190,Libya,2016,Middle East and Northern Africa,67,5.615,1.0669,0.9508,0.523,0.4067,0.1034,0.1709,2.3937,3. 5<x<=6
191,Russia,2016,Central and Eastern Europe,56,5.856,1.2323,1.0526,0.5899,0.3268,0.0359,0.0274,2.5912,3. 5<x<=6
192,Jamaica,2016,Latin America and Caribbean,73,5.51,0.8933,0.9637,0.5947,0.436,0.0429,0.2225,2.3568,3. 5<x<=6
193,Cyprus,2016,Western Europe,69,5.546,1.3186,0.707,0.8488,0.2951,0.0523,0.2791,2.045,3. 5<x<=6
194,Algeria,2016,Middle East and Northern Africa,38,6.355,1.0527,0.8331,0.618,0.2101,0.1616,0.0704,3.409,2. 6<x<=7
195,Kosovo,2016,Central and Eastern Europe,77,5.401,0.9015,0.6606,0.54,0.144,0.0655,0.2799,2.81,3. 5<x<=6
196,Turkmenistan,2016,Central and Eastern Europe,65,5.658,1.0802,1.0382,0.4401,0.3741,0.2847,0.2257,2.2149,3. 5<x<=6
197,Mauritius,2016,Sub-Saharan Africa,66,5.648,1.1437,0.757,0.6619,0.4615,0.052,0.3695,2.2022,3. 5<x<=6
198,Estonia,2016,Central and Eastern Europe,72,5.517,1.2796,1.0516,0.681,0.4151,0.1852,0.0842,1.8199,3. 5<x<=6
199,Indonesia,2016,Southeastern Asia,79,5.314,0.951,0.8763,0.4937,0.3924,0.0032,0.5652,2.0317,3. 5<x<=6
200,Vietnam,2016,Southeastern Asia,96,5.061,0.7404,0.7912,0.6616,0.5595,0.1156,0.2508,1.9418,3. 5<x<=6
201,Turkey,2016,Middle East and Northern Africa,78,5.389,1.1649,0.8772,0.6472,0.2389,0.1235,0.0471,2.2907,3. 5<x<=6
202,Kyrgyzstan,2016,Central and Eastern Europe,85,5.185,0.5604,0.9543,0.5545,0.4021,0.0476,0.3843,2.2814,3. 5<x<=6
203,Nigeria,2016,Sub-Saharan Africa,103,4.875,0.7522,0.645,0.0511,0.2785,0.0305,0.2322,2.8859,4. 4<x<=5
204,Azerbaijan,2016,Central and Eastern Europe,81,5.291,1.1237,0.7604,0.545,0.3533,0.1791,0.0564,2.2735,3. 5<x<=6
205,Pakistan,2016,Southern Asia,92,5.132,0.6882,0.2614,0.4031,0.1462,0.1388,0.3119,3.1829,3. 5<x<=6
206,Jordan,2016,Middle East and Northern Africa,80,5.303,0.9967,0.8622,0.6071,0.3602,0.133,0.1426,2.2014,3. 5<x<=6
207,Montenegro,2016,Central and Eastern Europe,88,5.161,1.0784,0.7417,0.6353,0.1511,0.1272,0.1719,2.2553,3. 5<x<=6
208,China,2016,Eastern Asia,83,5.245,1.0278,0.7938,0.7356,0.4401,0.0275,0.0496,2.1709,3. 5<x<=6
209,Zambia,2016,Sub-Saharan Africa,106,4.795,0.612,0.6376,0.2357,0.4266,0.1148,0.1787,2.5899,4. 4<x<=5
210,Romania,2016,Central and Eastern Europe,71,5.528,1.1697,0.728,0.676,0.3671,0.0068,0.1289,2.4518,3. 5<x<=6
211,Serbia,2016,Central and Eastern Europe,86,5.177,1.0344,0.8133,0.6458,0.1572,0.0434,0.2074,2.2754,3. 5<x<=6
212,Portugal,2016,Western Europe,94,5.123,1.2761,0.9437,0.7936,0.4473,0.0152,0.1169,1.5302,3. 5<x<=6
213,Latvia,2016,Central and Eastern Europe,68,5.56,1.2179,0.9503,0.6395,0.28,0.0889,0.1745,2.2086,3. 5<x<=6
214,Philippines,2016,Southeastern Asia,82,5.279,0.8122,0.8788,0.4704,0.5485,0.1176,0.2167,2.2348,3. 5<x<=6
215,Morocco,2016,Middle East and Northern Africa,90,5.151,0.8406,0.386,0.5947,0.2565,0.084,0.0405,2.9489,3. 5<x<=6
216,Albania,2016,Central and Eastern Europe,109,4.655,0.9553,0.5016,0.7301,0.3187,0.053,0.1684,1.9282,4. 4<x<=5
217,Bosnia and Herz.,2016,Central and Eastern Europe,87,5.163,0.9338,0.6437,0.7077,0.0951,0.0,0.2989,2.4841,3. 5<x<=6
218,Dominican Rep.,2016,Latin America and Caribbean,89,5.155,1.0279,0.995,0.5767,0.5226,0.1237,0.2129,1.6963,3. 5<x<=6
219,Mongolia,2016,Eastern Asia,101,4.907,0.9885,1.0898,0.5547,0.3597,0.0329,0.3454,1.5359,4. 4<x<=5
220,Greece,2016,Western Europe,99,5.033,1.2489,0.7547,0.8003,0.0582,0.0413,0.0,2.1294,3. 5<x<=6
221,Lebanon,2016,Middle East and Northern Africa,93,5.129,1.1227,0.6418,0.7617,0.2623,0.0306,0.2369,2.0734,3. 5<x<=6
222,Hungary,2016,Central and Eastern Europe,91,5.145,1.2414,0.9316,0.6761,0.1977,0.0447,0.099,1.9547,3. 5<x<=6
223,Honduras,2016,Latin America and Caribbean,104,4.871,0.6943,0.756,0.5838,0.2676,0.0691,0.2044,2.2955,4. 4<x<=5
224,Tajikistan,2016,Central and Eastern Europe,100,4.996,0.4884,0.756,0.5312,0.4341,0.1351,0.26,2.3911,4. 4<x<=5
225,Tunisia,2016,Middle East and Northern Africa,98,5.045,0.9772,0.4317,0.5958,0.2355,0.0817,0.0394,2.6841,3. 5<x<=6
226,Palestine,2016,Middle East and Northern Africa,108,4.754,0.6702,0.7163,0.5684,0.1774,0.1061,0.1115,2.4036,4. 4<x<=5
227,Bangladesh,2016,Southern Asia,110,4.643,0.5418,0.2475,0.5299,0.3978,0.1258,0.1913,2.609,4. 4<x<=5
228,Iran,2016,Middle East and Northern Africa,105,4.813,1.1176,0.3886,0.6423,0.2254,0.0557,0.3854,1.9982,4. 4<x<=5
229,Ukraine,2016,Central and Eastern Europe,123,4.324,0.8729,1.0141,0.5863,0.1286,0.0183,0.2036,1.5007,4. 4<x<=5
230,Iraq,2016,Middle East and Northern Africa,112,4.575,1.0747,0.5921,0.5108,0.2486,0.1364,0.1959,1.8166,4. 4<x<=5
231,South Africa,2016,Sub-Saharan Africa,116,4.459,1.0242,0.9605,0.1861,0.4248,0.0842,0.1366,1.6423,4. 4<x<=5
232,Ghana,2016,Sub-Saharan Africa,124,4.276,0.6311,0.4935,0.2968,0.4097,0.0326,0.212,2.2002,4. 4<x<=5
233,Zimbabwe,2016,Sub-Saharan Africa,131,4.193,0.3504,0.7148,0.1595,0.2543,0.0858,0.185,2.4427,4. 4<x<=5
234,Liberia,2016,Sub-Saharan Africa,150,3.622,0.1071,0.5035,0.2317,0.2575,0.0485,0.2406,2.2328,5. x<4
235,India,2016,Southern Asia,118,4.404,0.7404,0.2925,0.4509,0.4029,0.0872,0.2503,2.1803,4. 4<x<=5
236,Haiti,2016,Latin America and Caribbean,136,4.028,0.341,0.2956,0.2749,0.1207,0.1448,0.4796,2.3712,4. 4<x<=5
237,Nepal,2016,Southern Asia,107,4.793,0.4463,0.697,0.5007,0.3701,0.0701,0.3816,2.3269,4. 4<x<=5
238,Ethiopia,2016,Sub-Saharan Africa,115,4.508,0.2928,0.3793,0.3458,0.367,0.1717,0.2952,2.6561,4. 4<x<=5
239,Sierra Leone,2016,Sub-Saharan Africa,111,4.635,0.3649,0.628,0.0,0.3069,0.082,0.239,3.014,4. 4<x<=5
240,Mauritania,2016,Sub-Saharan Africa,130,4.201,0.6139,0.8414,0.2864,0.1268,0.1796,0.2269,1.9263,4. 4<x<=5
241,Kenya,2016,Sub-Saharan Africa,122,4.356,0.5227,0.7624,0.3015,0.4058,0.0669,0.4133,1.8833,4. 4<x<=5
242,Armenia,2016,Central and Eastern Europe,121,4.36,0.8609,0.6248,0.6408,0.1404,0.0362,0.0779,1.9786,4. 4<x<=5
243,Botswana,2016,Sub-Saharan Africa,137,3.974,1.0943,0.8919,0.3475,0.4409,0.1077,0.1243,0.9674,5. x<4
244,Georgia,2016,Central and Eastern Europe,126,4.252,0.8379,0.1925,0.6404,0.3246,0.3188,0.0679,1.8703,4. 4<x<=5
245,Malawi,2016,Sub-Saharan Africa,132,4.156,0.0871,0.147,0.2936,0.4143,0.0756,0.3097,2.8286,4. 4<x<=5
246,Sri Lanka,2016,Southern Asia,117,4.415,0.9732,0.8478,0.6201,0.5082,0.0796,0.4698,0.9168,4. 4<x<=5
247,Cameroon,2016,Sub-Saharan Africa,114,4.513,0.525,0.6254,0.127,0.4274,0.0613,0.2268,2.5198,4. 4<x<=5
248,Bulgaria,2016,Central and Eastern Europe,129,4.217,1.1131,0.9254,0.6781,0.2122,0.0062,0.1279,1.1538,4. 4<x<=5
249,Egypt,2016,Middle East and Northern Africa,120,4.362,0.954,0.4981,0.5212,0.1885,0.1039,0.1271,1.969,4. 4<x<=5
250,Yemen,2016,Middle East and Northern Africa,147,3.724,0.5794,0.4749,0.3105,0.2287,0.0589,0.0982,1.973,5. x<4
251,Mali,2016,Sub-Saharan Africa,135,4.073,0.3129,0.8633,0.1635,0.2754,0.1365,0.2106,2.1109,4. 4<x<=5
252,Congo,2016,Sub-Saharan Africa,127,4.236,0.7711,0.478,0.2821,0.3794,0.0975,0.1208,2.1068,4. 4<x<=5
253,Senegal,2016,Sub-Saharan Africa,128,4.219,0.4431,0.7742,0.4046,0.3106,0.1168,0.191,1.9786,4. 4<x<=5
254,Gabon,2016,Sub-Saharan Africa,134,4.121,1.1585,0.7237,0.3494,0.281,0.0931,0.0624,1.4533,4. 4<x<=5
255,Niger,2016,Sub-Saharan Africa,142,3.856,0.1327,0.6053,0.2616,0.3804,0.1718,0.2097,2.0947,5. x<4
256,Cambodia,2016,Southeastern Asia,140,3.907,0.556,0.5375,0.4249,0.5885,0.0809,0.4034,1.3157,5. x<4
257,Tanzania,2016,Sub-Saharan Africa,149,3.666,0.4716,0.7762,0.357,0.3176,0.051,0.3147,1.3777,5. x<4
258,Madagascar,2016,Sub-Saharan Africa,148,3.695,0.2795,0.4612,0.3711,0.1368,0.0751,0.2204,2.1508,5. x<4
259,Chad,2016,Sub-Saharan Africa,144,3.763,0.4221,0.6318,0.0382,0.1281,0.0495,0.1867,2.3064,5. x<4
260,Guinea,2016,Sub-Saharan Africa,151,3.607,0.2242,0.3109,0.1883,0.3095,0.1192,0.2991,2.156,5. x<4
261,Côte d'Ivoire,2016,Sub-Saharan Africa,139,3.916,0.5551,0.5758,0.0448,0.4066,0.1553,0.2034,1.9748,5. x<4
262,Burkina Faso,2016,Sub-Saharan Africa,145,3.739,0.32,0.6305,0.213,0.3337,0.1253,0.2435,1.8732,5. x<4
263,Afghanistan,2016,Southern Asia,154,3.36,0.3823,0.1104,0.1734,0.1643,0.0711,0.3127,2.1456,5. x<4
264,Rwanda,2016,Sub-Saharan Africa,152,3.515,0.3285,0.6159,0.3187,0.5432,0.5052,0.2355,0.9682,5. x<4
265,Benin,2016,Sub-Saharan Africa,153,3.484,0.395,0.1042,0.2103,0.3975,0.0668,0.2018,2.1081,5. x<4
266,Burundi,2016,Sub-Saharan Africa,157,2.905,0.0683,0.2344,0.1575,0.0432,0.0942,0.2029,2.104,5. x<4
267,Togo,2016,Sub-Saharan Africa,155,3.303,0.2812,0.0,0.2481,0.3468,0.1159,0.1752,2.1354,5. x<4
268,Switzerland,2017,Western Europe,4,7.494,1.565,1.5169,0.8581,0.6201,0.367,0.2905,2.2767,1. x>7
269,Iceland,2017,Western Europe,3,7.504,1.4806,1.6106,0.8336,0.6272,0.1535,0.4755,2.3227,1. x>7
270,Denmark,2017,Western Europe,2,7.522,1.4824,1.5511,0.7926,0.626,0.4008,0.3553,2.3137,1. x>7
271,Norway,2017,Western Europe,1,7.537,1.6165,1.5335,0.7967,0.6354,0.316,0.362,2.277,1. x>7
272,Canada,2017,North America,7,7.316,1.4792,1.4813,0.8346,0.6111,0.2874,0.4355,2.1873,1. x>7
273,Finland,2017,Western Europe,5,7.469,1.4436,1.5402,0.8092,0.618,0.3826,0.2455,2.4302,1. x>7
274,Netherlands,2017,Western Europe,6,7.377,1.5039,1.4289,0.8107,0.5854,0.2827,0.4705,2.2948,1. x>7
275,Sweden,2017,Western Europe,9,7.284,1.4944,1.4782,0.8309,0.6129,0.3844,0.3854,2.0975,1. x>7
276,New Zealand,2017,Australia and New Zealand,8,7.314,1.4057,1.5482,0.8168,0.6141,0.3828,0.5,2.0465,1. x>7
277,Australia,2017,Australia and New Zealand,10,7.284,1.4844,1.51,0.8439,0.6016,0.3012,0.4777,2.0652,1. x>7
278,Israel,2017,Middle East and Northern Africa,11,7.213,1.3754,1.3763,0.8384,0.406,0.0852,0.3301,2.8018,1. x>7
279,Costa Rica,2017,Latin America and Caribbean,12,7.079,1.1097,1.4164,0.7595,0.5801,0.1001,0.2146,2.8986,1. x>7
280,Austria,2017,Western Europe,13,7.006,1.4871,1.4599,0.8153,0.5678,0.2211,0.3165,2.1385,1. x>7
281,Mexico,2017,Latin America and Caribbean,25,6.578,1.1532,1.2109,0.71,0.4127,0.1328,0.121,2.8372,2. 6<x<=7
282,United States of America,2017,North America,14,6.993,1.5463,1.4199,0.7743,0.5057,0.1356,0.3926,2.2181,2. 6<x<=7
283,Brazil,2017,Latin America and Caribbean,22,6.635,1.1074,1.4313,0.6166,0.4375,0.1111,0.1623,2.7693,2. 6<x<=7
284,Luxembourg,2017,Western Europe,18,6.863,1.7419,1.4576,0.8451,0.5966,0.3188,0.2832,1.6195,2. 6<x<=7
285,Ireland,2017,Western Europe,15,6.977,1.5357,1.5582,0.8098,0.5731,0.2984,0.4279,1.7739,2. 6<x<=7
286,United Arab Emirates,2017,Middle East and Northern Africa,21,6.648,1.6263,1.2664,0.7268,0.6083,0.3245,0.3609,1.7347,2. 6<x<=7
287,United Kingdom,2017,Western Europe,19,6.714,1.4416,1.4965,0.8053,0.5082,0.2654,0.4928,1.7041,2. 6<x<=7
288,Venezuela,2017,Latin America and Caribbean,82,5.25,1.1284,1.4313,0.6171,0.154,0.0645,0.065,1.7895,3. 5<x<=6
289,Singapore,2017,Southeastern Asia,26,6.572,1.6923,1.3538,0.9495,0.5498,0.4643,0.346,1.2164,2. 6<x<=7
290,Panama,2017,Latin America and Caribbean,30,6.452,1.2337,1.3732,0.7062,0.55,0.071,0.2106,2.3072,2. 6<x<=7
291,Germany,2017,Western Europe,16,6.951,1.4879,1.4725,0.799,0.5625,0.2767,0.3363,2.0158,2. 6<x<=7
292,Chile,2017,Latin America and Caribbean,20,6.652,1.2528,1.284,0.8195,0.3769,0.0823,0.3267,2.5096,2. 6<x<=7
293,France,2017,Western Europe,31,6.442,1.4309,1.3878,0.8445,0.4702,0.1725,0.1298,2.006,2. 6<x<=7
294,Argentina,2017,Latin America and Caribbean,24,6.599,1.1853,1.4405,0.6951,0.4945,0.0597,0.1095,2.614,2. 6<x<=7
295,Czechia,2017,Central and Eastern Europe,23,6.609,1.3527,1.4339,0.7544,0.4909,0.0369,0.0881,2.4519,2. 6<x<=7
296,Uruguay,2017,Latin America and Caribbean,28,6.454,1.2176,1.4122,0.7192,0.5794,0.1781,0.1751,2.1724,2. 6<x<=7
297,Colombia,2017,Latin America and Caribbean,36,6.357,1.0706,1.4022,0.595,0.4775,0.0467,0.149,2.6161,2. 6<x<=7
298,Thailand,2017,Southeastern Asia,32,6.424,1.1279,1.4258,0.6472,0.5802,0.0316,0.5721,2.0395,2. 6<x<=7
299,Saudi Arabia,2017,Middle East and Northern Africa,37,6.344,1.5306,1.2867,0.5901,0.4498,0.2734,0.1476,2.0654,2. 6<x<=7
300,Spain,2017,Western Europe,34,6.403,1.3844,1.5321,0.889,0.4088,0.0709,0.1901,1.9278,2. 6<x<=7
301,Malta,2017,Western Europe,27,6.527,1.3433,1.4884,0.8219,0.5888,0.1531,0.5747,1.5569,2. 6<x<=7
302,Kuwait,2017,Middle East and Northern Africa,39,6.105,1.633,1.2597,0.6321,0.4963,0.2152,0.2283,1.6404,2. 6<x<=7
303,El Salvador,2017,Latin America and Caribbean,45,6.003,0.9098,1.1821,0.596,0.4325,0.09,0.0783,2.7146,2. 6<x<=7
304,Guatemala,2017,Latin America and Caribbean,29,6.454,0.872,1.2556,0.5402,0.5313,0.0772,0.2835,2.8939,2. 6<x<=7
305,Uzbekistan,2017,Central and Eastern Europe,47,5.971,0.7864,1.549,0.4983,0.6582,0.2465,0.416,1.8169,3. 5<x<=6
306,Slovakia,2017,Central and Eastern Europe,40,6.098,1.3254,1.5051,0.7127,0.2958,0.0242,0.1365,2.0978,2. 6<x<=7
307,Japan,2017,Eastern Asia,51,5.92,1.4169,1.4363,0.9135,0.5056,0.1638,0.1206,1.3632,3. 5<x<=6
308,South Korea,2017,Eastern Asia,55,5.838,1.4017,1.1283,0.9002,0.2579,0.0633,0.2067,1.8804,3. 5<x<=6
309,Ecuador,2017,Latin America and Caribbean,44,6.008,1.0008,1.2862,0.6856,0.4552,0.1401,0.1501,2.2904,2. 6<x<=7
310,Bahrain,2017,Middle East and Northern Africa,41,6.087,1.4884,1.3231,0.6531,0.5367,0.257,0.1727,1.6561,2. 6<x<=7
311,Italy,2017,Western Europe,48,5.964,1.3951,1.4449,0.8531,0.2565,0.028,0.1728,1.8133,3. 5<x<=6
312,Bolivia,2017,Latin America and Caribbean,58,5.823,0.8338,1.2276,0.4736,0.5587,0.0605,0.2256,2.4433,3. 5<x<=6
313,Moldova,2017,Central and Eastern Europe,56,5.838,0.7289,1.2518,0.5895,0.2407,0.0101,0.2088,2.8078,3. 5<x<=6
314,Paraguay,2017,Latin America and Caribbean,70,5.493,0.9325,1.5073,0.5793,0.4735,0.0911,0.2242,1.6853,3. 5<x<=6
315,Kazakhstan,2017,Central and Eastern Europe,60,5.819,1.2846,1.3844,0.606,0.4375,0.1193,0.202,1.7849,3. 5<x<=6
316,Slovenia,2017,Central and Eastern Europe,62,5.758,1.3412,1.4525,0.7908,0.5726,0.0451,0.2426,1.3133,3. 5<x<=6
317,Lithuania,2017,Central and Eastern Europe,52,5.902,1.3146,1.4735,0.6289,0.2342,0.0119,0.0102,2.2284,3. 5<x<=6
318,Nicaragua,2017,Latin America and Caribbean,43,6.071,0.7373,1.2872,0.6531,0.4476,0.1307,0.3017,2.5139,2. 6<x<=7
319,Peru,2017,Latin America and Caribbean,63,5.715,1.0352,1.2188,0.6302,0.45,0.047,0.1268,2.2073,3. 5<x<=6
320,Belarus,2017,Central and Eastern Europe,67,5.569,1.1566,1.4449,0.6377,0.2954,0.1563,0.1551,1.7232,3. 5<x<=6
321,Poland,2017,Central and Eastern Europe,46,5.973,1.2918,1.4457,0.6995,0.5203,0.0593,0.1585,1.7977,3. 5<x<=6
322,Malaysia,2017,Southeastern Asia,42,6.084,1.2912,1.2846,0.6188,0.4023,0.0656,0.4166,2.0044,2. 6<x<=7
323,Croatia,2017,Central and Eastern Europe,77,5.293,1.2226,0.968,0.7013,0.2558,0.0431,0.248,1.8545,3. 5<x<=6
324,Libya,2017,Middle East and Northern Africa,68,5.525,1.1018,1.3576,0.5202,0.4657,0.0926,0.1521,1.835,3. 5<x<=6
325,Russia,2017,Central and Eastern Europe,49,5.963,1.2818,1.4693,0.5473,0.3738,0.033,0.0523,2.2056,3. 5<x<=6
326,Jamaica,2017,Latin America and Caribbean,76,5.311,0.9256,1.3682,0.641,0.4743,0.0553,0.2338,1.6123,3. 5<x<=6
327,Cyprus,2017,Western Europe,65,5.621,1.3559,1.1314,0.8447,0.3551,0.0412,0.2713,1.6212,3. 5<x<=6
328,Algeria,2017,Middle East and Northern Africa,53,5.872,1.0919,1.1462,0.6176,0.2333,0.1461,0.0694,2.5676,3. 5<x<=6
329,Kosovo,2017,Central and Eastern Europe,78,5.279,0.9515,1.1379,0.5415,0.2603,0.0575,0.3199,2.0105,3. 5<x<=6
330,Turkmenistan,2017,Central and Eastern Europe,59,5.822,1.1308,1.4931,0.4377,0.4183,0.2593,0.2499,1.8329,3. 5<x<=6
331,Mauritius,2017,Sub-Saharan Africa,64,5.629,1.1894,1.2096,0.638,0.4912,0.0422,0.3609,1.6976,3. 5<x<=6
332,Estonia,2017,Central and Eastern Europe,66,5.611,1.3209,1.4767,0.6952,0.4791,0.1832,0.0989,1.3575,3. 5<x<=6
333,Indonesia,2017,Southeastern Asia,81,5.262,0.9955,1.2744,0.4923,0.4433,0.0153,0.6117,1.4295,3. 5<x<=6
334,Vietnam,2017,Southeastern Asia,94,5.074,0.7885,1.2775,0.6522,0.5711,0.0876,0.235,1.4623,3. 5<x<=6
335,Turkey,2017,Middle East and Northern Africa,69,5.5,1.1983,1.3378,0.6376,0.3007,0.0997,0.0467,1.8793,3. 5<x<=6
336,Kyrgyzstan,2017,Central and Eastern Europe,98,5.004,0.5962,1.3942,0.5535,0.4549,0.0394,0.4286,1.5367,3. 5<x<=6
337,Nigeria,2017,Sub-Saharan Africa,95,5.074,0.7838,1.2158,0.0569,0.395,0.0261,0.2309,2.3654,3. 5<x<=6
338,Azerbaijan,2017,Central and Eastern Europe,85,5.234,1.1536,1.1524,0.5408,0.3982,0.181,0.0453,1.7625,3. 5<x<=6
339,Pakistan,2017,Southern Asia,80,5.269,0.7269,0.6727,0.402,0.2352,0.1243,0.3154,2.7925,3. 5<x<=6
340,Jordan,2017,Middle East and Northern Africa,74,5.336,0.991,1.2391,0.6046,0.4184,0.1198,0.1722,1.7912,3. 5<x<=6
341,Montenegro,2017,Central and Eastern Europe,83,5.237,1.1211,1.2384,0.6675,0.195,0.0882,0.1979,1.7292,3. 5<x<=6
342,China,2017,Eastern Asia,79,5.273,1.0812,1.1608,0.7414,0.4728,0.0228,0.0288,1.7649,3. 5<x<=6
343,Zambia,2017,Sub-Saharan Africa,116,4.514,0.6364,1.0032,0.2578,0.4616,0.0782,0.2496,1.8267,4. 4<x<=5
344,Romania,2017,Central and Eastern Europe,57,5.825,1.2177,1.1501,0.6852,0.457,0.0044,0.1335,2.1768,3. 5<x<=6
345,Serbia,2017,Central and Eastern Europe,73,5.395,1.0693,1.2582,0.6508,0.2087,0.0409,0.2201,1.9471,3. 5<x<=6
346,Portugal,2017,Western Europe,89,5.195,1.3152,1.367,0.7958,0.4985,0.0159,0.0951,1.1077,3. 5<x<=6
347,Latvia,2017,Central and Eastern Europe,54,5.85,1.2607,1.4047,0.6386,0.3257,0.0738,0.1531,1.9937,3. 5<x<=6
348,Philippines,2017,Southeastern Asia,72,5.43,0.8577,1.2539,0.468,0.5852,0.0993,0.1935,1.9726,3. 5<x<=6
349,Morocco,2017,Middle East and Northern Africa,84,5.235,0.8781,0.7749,0.5977,0.4082,0.0878,0.0322,2.4562,3. 5<x<=6
350,Albania,2017,Central and Eastern Europe,109,4.644,0.9962,0.8037,0.7312,0.3815,0.0399,0.2013,1.4904,4. 4<x<=5
351,Bosnia and Herz.,2017,Central and Eastern Europe,90,5.182,0.9824,1.0693,0.7052,0.2044,0.0,0.3289,1.8922,3. 5<x<=6
352,Dominican Rep.,2017,Latin America and Caribbean,86,5.23,1.0794,1.4024,0.5749,0.5526,0.1139,0.187,1.3195,3. 5<x<=6
353,Mongolia,2017,Eastern Asia,100,4.955,1.0272,1.493,0.5578,0.3941,0.0329,0.3385,1.1113,4. 4<x<=5
354,Greece,2017,Western Europe,87,5.227,1.2895,1.2394,0.8102,0.0957,0.0433,0.0,1.7492,3. 5<x<=6
355,Lebanon,2017,Middle East and Northern Africa,88,5.225,1.075,1.1296,0.7351,0.2885,0.0375,0.2645,1.6951,3. 5<x<=6
356,Hungary,2017,Central and Eastern Europe,75,5.324,1.286,1.3431,0.6878,0.1759,0.0366,0.0784,1.7165,3. 5<x<=6
357,Honduras,2017,Latin America and Caribbean,91,5.181,0.7306,1.1439,0.5826,0.3481,0.0733,0.2362,2.0658,3. 5<x<=6
358,Tajikistan,2017,Central and Eastern Europe,96,5.041,0.5247,1.2715,0.5292,0.4716,0.1464,0.249,1.849,3. 5<x<=6
359,Tunisia,2017,Middle East and Northern Africa,102,4.805,1.0073,0.8684,0.6132,0.2897,0.0867,0.0497,1.8903,4. 4<x<=5
360,Palestine,2017,Middle East and Northern Africa,103,4.775,0.7162,1.1556,0.5657,0.2547,0.0893,0.1142,1.8789,4. 4<x<=5
361,Bangladesh,2017,Southern Asia,110,4.608,0.5867,0.7351,0.5332,0.4784,0.1237,0.1723,1.9787,4. 4<x<=5
362,Iran,2017,Middle East and Northern Africa,108,4.692,1.1569,0.7116,0.6393,0.2493,0.0488,0.3872,1.4987,4. 4<x<=5
363,Ukraine,2017,Central and Eastern Europe,132,4.096,0.8947,1.3945,0.5759,0.123,0.023,0.2701,0.8144,4. 4<x<=5
364,Iraq,2017,Middle East and Northern Africa,117,4.497,1.1027,0.9786,0.5012,0.2886,0.1072,0.1996,1.3189,4. 4<x<=5
365,South Africa,2017,Sub-Saharan Africa,101,4.829,1.0547,1.3848,0.1871,0.4792,0.0725,0.1394,1.5109,4. 4<x<=5
366,Ghana,2017,Sub-Saharan Africa,131,4.12,0.6672,0.8737,0.2956,0.423,0.0253,0.2569,1.5779,4. 4<x<=5
367,Zimbabwe,2017,Sub-Saharan Africa,138,3.875,0.3758,1.0831,0.1968,0.3364,0.0954,0.1891,1.598,5. x<4
368,Liberia,2017,Sub-Saharan Africa,148,3.533,0.119,0.8721,0.2299,0.3329,0.0389,0.2665,1.6733,5. x<4
369,India,2017,Southern Asia,122,4.315,0.7922,0.7544,0.4554,0.47,0.0922,0.2315,1.5191,4. 4<x<=5
370,Haiti,2017,Latin America and Caribbean,145,3.603,0.3686,0.6404,0.2773,0.0304,0.0999,0.4892,1.6972,5. x<4
371,Nepal,2017,Southern Asia,99,4.962,0.4798,1.1793,0.5041,0.4403,0.073,0.3941,1.8912,4. 4<x<=5
372,Ethiopia,2017,Sub-Saharan Africa,119,4.46,0.3392,0.8647,0.3534,0.4088,0.1655,0.3127,2.0157,4. 4<x<=5
373,Sierra Leone,2017,Sub-Saharan Africa,106,4.709,0.3684,0.9841,0.0056,0.3187,0.0711,0.293,2.6685,4. 4<x<=5
374,Mauritania,2017,Sub-Saharan Africa,123,4.292,0.6485,1.272,0.2853,0.0961,0.137,0.2019,1.6516,4. 4<x<=5
375,Kenya,2017,Sub-Saharan Africa,112,4.553,0.5605,1.068,0.31,0.4528,0.0646,0.4449,1.6519,4. 4<x<=5
376,Armenia,2017,Central and Eastern Europe,121,4.376,0.9006,1.0075,0.6375,0.1983,0.0267,0.0835,1.5215,4. 4<x<=5
377,Botswana,2017,Sub-Saharan Africa,142,3.766,1.1221,1.2216,0.3418,0.5052,0.0986,0.0993,0.3779,5. x<4
378,Georgia,2017,Central and Eastern Europe,125,4.286,0.9506,0.5706,0.6495,0.3094,0.2517,0.054,1.5001,4. 4<x<=5
379,Malawi,2017,Sub-Saharan Africa,136,3.97,0.2334,0.5126,0.3151,0.4669,0.0727,0.2872,2.0818,5. x<4
380,Sri Lanka,2017,Southern Asia,120,4.44,1.0099,1.26,0.6251,0.5612,0.0737,0.4909,0.4194,4. 4<x<=5
381,Cameroon,2017,Sub-Saharan Africa,107,4.695,0.5643,0.946,0.1329,0.4304,0.0513,0.2363,2.3336,4. 4<x<=5
382,Bulgaria,2017,Central and Eastern Europe,105,4.714,1.1615,1.4344,0.7082,0.2892,0.0111,0.1132,0.9961,4. 4<x<=5
383,Egypt,2017,Middle East and Northern Africa,104,4.735,0.9897,0.9975,0.5202,0.2821,0.1144,0.1286,1.7022,4. 4<x<=5
384,Yemen,2017,Middle East and Northern Africa,146,3.593,0.5917,0.9354,0.3101,0.2495,0.0568,0.1041,1.3456,5. x<4
385,Mali,2017,Sub-Saharan Africa,127,4.19,0.4762,1.2815,0.1694,0.3066,0.105,0.1834,1.6682,4. 4<x<=5
386,Congo,2017,Sub-Saharan Africa,124,4.291,0.809,0.832,0.29,0.435,0.0796,0.1209,1.7241,4. 4<x<=5
387,Senegal,2017,Sub-Saharan Africa,115,4.535,0.4793,1.1797,0.4094,0.3779,0.1155,0.1835,1.7896,4. 4<x<=5
388,Gabon,2017,Sub-Saharan Africa,118,4.465,1.1982,1.1556,0.3566,0.3123,0.076,0.0438,1.3229,4. 4<x<=5
389,Niger,2017,Sub-Saharan Africa,135,4.028,0.1619,0.993,0.2685,0.3637,0.1386,0.2287,1.874,4. 4<x<=5
390,Cambodia,2017,Southeastern Asia,129,4.168,0.6018,1.0062,0.4298,0.6334,0.0681,0.3859,1.0429,4. 4<x<=5
391,Tanzania,2017,Sub-Saharan Africa,153,3.349,0.5111,1.042,0.3645,0.39,0.066,0.3543,0.6211,5. x<4
392,Madagascar,2017,Sub-Saharan Africa,144,3.644,0.3058,0.913,0.3752,0.1892,0.0672,0.2087,1.5846,5. x<4
393,Chad,2017,Sub-Saharan Africa,137,3.936,0.438,0.9539,0.0411,0.1623,0.0536,0.2161,2.0712,5. x<4
394,Guinea,2017,Sub-Saharan Africa,149,3.507,0.2445,0.7912,0.1941,0.3486,0.1109,0.2648,1.5523,5. x<4
395,Côte d'Ivoire,2017,Sub-Saharan Africa,128,4.18,0.603,0.9048,0.0486,0.4477,0.1301,0.2012,1.845,4. 4<x<=5
396,Burkina Faso,2017,Sub-Saharan Africa,134,4.032,0.3502,1.0433,0.2158,0.3244,0.1203,0.2509,1.7272,4. 4<x<=5
397,Afghanistan,2017,Southern Asia,141,3.794,0.4015,0.5815,0.1807,0.1062,0.0612,0.3119,2.1508,5. x<4
398,Rwanda,2017,Sub-Saharan Africa,151,3.471,0.3687,0.9457,0.3264,0.5818,0.4552,0.2528,0.5401,5. x<4
399,Benin,2017,Sub-Saharan Africa,143,3.657,0.4311,0.4353,0.2099,0.426,0.0609,0.2079,1.8856,5. x<4
400,Burundi,2017,Sub-Saharan Africa,154,2.905,0.0916,0.6298,0.1516,0.0599,0.0841,0.2044,1.683,5. x<4
401,Togo,2017,Sub-Saharan Africa,150,3.495,0.3054,0.4319,0.2471,0.3804,0.0957,0.1969,1.8372,5. x<4
402,Switzerland,2018,Western Europe,139,7.487,1.42,1.549,0.927,0.66,0.357,0.256,2.318,1. x>7
403,Iceland,2018,Western Europe,5,7.495,1.343,1.644,0.914,0.677,0.138,0.353,2.426,1. x>7
404,Denmark,2018,Western Europe,4,7.555,1.351,1.59,0.868,0.683,0.408,0.284,2.371,1. x>7
405,Norway,2018,Western Europe,3,7.594,1.456,1.582,0.861,0.686,0.34,0.286,2.383,1. x>7
406,Canada,2018,North America,2,7.328,1.33,1.532,0.896,0.653,0.291,0.321,2.305,1. x>7
407,Finland,2018,Western Europe,7,7.632,1.305,1.592,0.874,0.681,0.393,0.202,2.585,1. x>7
408,Netherlands,2018,Western Europe,1,7.441,1.361,1.488,0.878,0.638,0.295,0.333,2.448,1. x>7
409,Sweden,2018,Western Europe,6,7.314,1.355,1.501,0.913,0.659,0.383,0.285,2.218,1. x>7
410,New Zealand,2018,Australia and New Zealand,9,7.324,1.268,1.601,0.876,0.669,0.389,0.365,2.156,1. x>7
411,Australia,2018,Australia and New Zealand,8,7.272,1.34,1.573,0.91,0.647,0.302,0.361,2.139,1. x>7
412,Israel,2018,Middle East and Northern Africa,10,6.814,1.301,1.559,0.883,0.533,0.272,0.354,1.912,2. 6<x<=7
413,Costa Rica,2018,Latin America and Caribbean,19,7.072,1.01,1.459,0.817,0.632,0.101,0.143,2.91,1. x>7
414,Austria,2018,Western Europe,13,7.139,1.341,1.504,0.891,0.617,0.224,0.242,2.32,1. x>7
415,Mexico,2018,Latin America and Caribbean,12,6.488,1.038,1.252,0.761,0.479,0.095,0.069,2.794,2. 6<x<=7
416,United States of America,2018,North America,24,6.886,1.398,1.471,0.819,0.547,0.133,0.291,2.227,2. 6<x<=7
417,Brazil,2018,Latin America and Caribbean,18,6.419,0.986,1.474,0.675,0.493,0.088,0.11,2.593,2. 6<x<=7
418,Luxembourg,2018,Western Europe,28,6.91,1.576,1.52,0.896,0.632,0.321,0.196,1.769,2. 6<x<=7
419,Ireland,2018,Western Europe,17,6.977,1.448,1.583,0.876,0.614,0.306,0.307,1.843,2. 6<x<=7
420,United Arab Emirates,2018,Middle East and Northern Africa,20,6.774,2.096,0.776,0.67,0.284,0.0,0.186,2.762,2. 6<x<=7
421,United Kingdom,2018,Western Europe,20,7.19,1.244,1.433,0.888,0.464,0.082,0.262,2.817,1. x>7
422,Venezuela,2018,Latin America and Caribbean,11,4.806,0.996,1.469,0.657,0.133,0.052,0.056,1.443,4. 4<x<=5
423,Singapore,2018,Southeastern Asia,102,6.343,1.529,1.451,1.008,0.631,0.457,0.261,1.006,2. 6<x<=7
424,Panama,2018,Latin America and Caribbean,34,6.43,1.112,1.438,0.759,0.597,0.063,0.125,2.336,2. 6<x<=7
425,Germany,2018,Western Europe,27,6.965,1.34,1.474,0.861,0.586,0.28,0.273,2.151,2. 6<x<=7
426,Chile,2018,Latin America and Caribbean,15,6.476,1.131,1.331,0.808,0.431,0.061,0.197,2.517,2. 6<x<=7
427,France,2018,Western Europe,25,6.489,1.293,1.466,0.908,0.52,0.176,0.098,2.028,2. 6<x<=7
428,Argentina,2018,Latin America and Caribbean,23,6.388,1.073,1.468,0.744,0.57,0.054,0.062,2.417,2. 6<x<=7
429,Czechia,2018,Central and Eastern Europe,29,6.711,1.233,1.489,0.854,0.543,0.034,0.064,2.494,2. 6<x<=7
430,Uruguay,2018,Latin America and Caribbean,21,6.379,1.093,1.459,0.771,0.625,0.155,0.13,2.146,2. 6<x<=7
431,Colombia,2018,Latin America and Caribbean,31,6.26,0.96,1.439,0.635,0.531,0.039,0.099,2.557,2. 6<x<=7
432,Thailand,2018,Southeastern Asia,37,6.072,1.016,1.417,0.707,0.637,0.029,0.364,1.902,2. 6<x<=7
433,Saudi Arabia,2018,Middle East and Northern Africa,46,6.371,1.379,1.331,0.633,0.509,0.127,0.098,2.294,2. 6<x<=7
434,Spain,2018,Western Europe,33,6.31,1.251,1.538,0.965,0.449,0.074,0.142,1.891,2. 6<x<=7
435,Malta,2018,Western Europe,36,6.627,1.27,1.525,0.884,0.645,0.142,0.376,1.785,2. 6<x<=7
436,Kuwait,2018,Middle East and Northern Africa,22,6.083,1.474,1.301,0.675,0.554,0.106,0.167,1.806,2. 6<x<=7
437,El Salvador,2018,Latin America and Caribbean,45,6.167,0.806,1.231,0.639,0.461,0.082,0.065,2.883,2. 6<x<=7
438,Guatemala,2018,Latin America and Caribbean,40,6.382,0.781,1.268,0.608,0.604,0.071,0.179,2.871,2. 6<x<=7
439,Uzbekistan,2018,Central and Eastern Europe,30,6.096,0.719,1.584,0.605,0.724,0.259,0.328,1.877,2. 6<x<=7
440,Slovakia,2018,Central and Eastern Europe,44,6.173,1.21,1.537,0.776,0.354,0.014,0.118,2.164,2. 6<x<=7
441,Japan,2018,Eastern Asia,39,5.915,1.294,1.462,0.988,0.553,0.15,0.079,1.389,3. 5<x<=6
442,South Korea,2018,Eastern Asia,54,5.875,1.266,1.204,0.955,0.244,0.051,0.175,1.98,3. 5<x<=6
443,Ecuador,2018,Latin America and Caribbean,57,5.973,0.889,1.33,0.736,0.556,0.12,0.114,2.228,3. 5<x<=6
444,Bahrain,2018,Middle East and Northern Africa,48,6.105,1.338,1.366,0.698,0.594,0.123,0.243,1.743,2. 6<x<=7
445,Italy,2018,Western Europe,43,6.0,1.264,1.501,0.946,0.281,0.028,0.137,1.843,3. 5<x<=6
446,Bolivia,2018,Latin America and Caribbean,47,5.752,0.751,1.223,0.508,0.606,0.054,0.141,2.469,3. 5<x<=6
447,Moldova,2018,Central and Eastern Europe,62,5.64,0.657,1.301,0.62,0.232,0.0,0.171,2.659,3. 5<x<=6
448,Paraguay,2018,Latin America and Caribbean,67,5.681,0.835,1.522,0.615,0.541,0.074,0.162,1.932,3. 5<x<=6
449,Kazakhstan,2018,Central and Eastern Europe,64,5.79,1.143,1.516,0.631,0.454,0.121,0.148,1.777,3. 5<x<=6
450,Slovenia,2018,Central and Eastern Europe,60,5.948,1.219,1.506,0.856,0.633,0.051,0.16,1.523,3. 5<x<=6
451,Lithuania,2018,Central and Eastern Europe,51,5.952,1.197,1.527,0.716,0.35,0.006,0.026,2.13,3. 5<x<=6
452,Nicaragua,2018,Latin America and Caribbean,50,6.141,0.668,1.319,0.7,0.527,0.128,0.208,2.591,2. 6<x<=7
453,Peru,2018,Latin America and Caribbean,41,5.663,0.934,1.249,0.674,0.53,0.034,0.092,2.15,3. 5<x<=6
454,Belarus,2018,Central and Eastern Europe,65,5.483,1.039,1.498,0.7,0.307,0.154,0.101,1.684,3. 5<x<=6
455,Poland,2018,Central and Eastern Europe,73,6.123,1.176,1.448,0.781,0.546,0.064,0.108,2.0,2. 6<x<=7
456,Malaysia,2018,Southeastern Asia,42,6.322,1.161,1.258,0.669,0.356,0.059,0.311,2.508,2. 6<x<=7
457,Croatia,2018,Central and Eastern Europe,35,5.321,1.115,1.161,0.737,0.38,0.039,0.12,1.769,3. 5<x<=6
458,Libya,2018,Middle East and Northern Africa,82,5.566,0.985,1.35,0.553,0.496,0.148,0.116,1.918,3. 5<x<=6
459,Russia,2018,Central and Eastern Europe,70,5.81,1.151,1.479,0.599,0.399,0.025,0.065,2.092,3. 5<x<=6
460,Jamaica,2018,Latin America and Caribbean,59,5.89,0.819,1.493,0.693,0.575,0.031,0.096,2.183,3. 5<x<=6
461,Cyprus,2018,Western Europe,56,5.762,1.229,1.191,0.909,0.423,0.035,0.202,1.773,3. 5<x<=6
462,Algeria,2018,Middle East and Northern Africa,61,5.295,0.979,1.154,0.687,0.077,0.135,0.055,2.208,3. 5<x<=6
463,Kosovo,2018,Central and Eastern Europe,84,5.662,0.855,1.23,0.578,0.448,0.023,0.274,2.254,3. 5<x<=6
464,Turkmenistan,2018,Central and Eastern Europe,66,5.636,1.016,1.533,0.517,0.417,0.037,0.199,1.917,3. 5<x<=6
465,Mauritius,2018,Sub-Saharan Africa,68,5.891,1.09,1.387,0.684,0.584,0.05,0.245,1.851,3. 5<x<=6
466,Estonia,2018,Central and Eastern Europe,55,5.739,1.2,1.532,0.737,0.553,0.174,0.086,1.457,3. 5<x<=6
467,Indonesia,2018,Southeastern Asia,63,5.093,0.899,1.215,0.522,0.538,0.018,0.484,1.417,3. 5<x<=6
468,Vietnam,2018,Southeastern Asia,96,5.103,0.715,1.365,0.702,0.618,0.079,0.177,1.447,3. 5<x<=6
469,Turkey,2018,Middle East and Northern Africa,95,5.483,1.148,1.38,0.686,0.324,0.109,0.106,1.73,3. 5<x<=6
470,Kyrgyzstan,2018,Central and Eastern Europe,74,5.131,0.53,1.416,0.594,0.54,0.035,0.281,1.735,3. 5<x<=6
471,Nigeria,2018,Sub-Saharan Africa,92,5.155,0.689,1.172,0.048,0.462,0.032,0.201,2.551,3. 5<x<=6
472,Azerbaijan,2018,Central and Eastern Europe,91,5.201,1.024,1.161,0.603,0.43,0.176,0.031,1.776,3. 5<x<=6
473,Pakistan,2018,Southern Asia,87,5.472,0.652,0.81,0.424,0.334,0.113,0.216,2.923,3. 5<x<=6
474,Jordan,2018,Middle East and Northern Africa,75,5.161,0.822,1.265,0.645,0.468,0.134,0.13,1.697,3. 5<x<=6
475,Montenegro,2018,Central and Eastern Europe,90,5.347,1.017,1.279,0.729,0.259,0.081,0.111,1.871,3. 5<x<=6
476,China,2018,Eastern Asia,81,5.246,0.989,1.142,0.799,0.597,0.103,0.029,1.587,3. 5<x<=6
477,Zambia,2018,Sub-Saharan Africa,86,4.377,0.562,1.047,0.295,0.503,0.082,0.221,1.667,4. 4<x<=5
478,Romania,2018,Central and Eastern Europe,125,5.945,1.116,1.219,0.726,0.528,0.001,0.088,2.267,3. 5<x<=6
479,Serbia,2018,Central and Eastern Europe,52,5.398,0.975,1.369,0.685,0.288,0.043,0.134,1.904,3. 5<x<=6
480,Portugal,2018,Western Europe,78,5.41,1.188,1.429,0.884,0.562,0.017,0.055,1.275,3. 5<x<=6
481,Latvia,2018,Central and Eastern Europe,77,5.933,1.148,1.454,0.671,0.363,0.066,0.092,2.139,3. 5<x<=6
482,Philippines,2018,Southeastern Asia,53,5.524,0.775,1.312,0.513,0.643,0.105,0.12,2.056,3. 5<x<=6
483,Morocco,2018,Middle East and Northern Africa,71,5.254,0.779,0.797,0.669,0.46,0.074,0.026,2.449,3. 5<x<=6
484,Albania,2018,Central and Eastern Europe,85,4.586,0.916,0.817,0.79,0.419,0.032,0.149,1.463,4. 4<x<=5
485,Bosnia and Herz.,2018,Central and Eastern Europe,112,5.129,0.915,1.078,0.758,0.28,0.0,0.216,1.882,3. 5<x<=6
486,Dominican Rep.,2018,Latin America and Caribbean,93,5.302,0.982,1.441,0.614,0.578,0.106,0.12,1.461,3. 5<x<=6
487,Mongolia,2018,Eastern Asia,83,5.125,0.914,1.517,0.575,0.395,0.032,0.253,1.439,3. 5<x<=6
488,Greece,2018,Western Europe,94,5.358,1.154,1.202,0.879,0.131,0.044,0.0,1.948,3. 5<x<=6
489,Lebanon,2018,Middle East and Northern Africa,79,5.358,0.965,1.179,0.785,0.503,0.136,0.214,1.576,3. 5<x<=6
490,Hungary,2018,Central and Eastern Europe,80,5.62,1.171,1.401,0.732,0.259,0.022,0.061,1.974,3. 5<x<=6
491,Honduras,2018,Latin America and Caribbean,69,5.504,0.62,1.205,0.622,0.459,0.074,0.197,2.327,3. 5<x<=6
492,Tajikistan,2018,Central and Eastern Europe,72,5.199,0.474,1.166,0.598,0.292,0.034,0.187,2.448,3. 5<x<=6
493,Tunisia,2018,Middle East and Northern Africa,88,4.592,0.9,0.906,0.69,0.271,0.063,0.04,1.722,4. 4<x<=5
494,Palestine,2018,Middle East and Northern Africa,111,4.743,0.642,1.217,0.602,0.266,0.076,0.086,1.854,4. 4<x<=5
495,Bangladesh,2018,Southern Asia,104,4.5,0.532,0.85,0.579,0.58,0.144,0.153,1.662,4. 4<x<=5
496,Iran,2018,Middle East and Northern Africa,115,4.707,1.059,0.771,0.691,0.459,0.129,0.282,1.316,4. 4<x<=5
497,Ukraine,2018,Central and Eastern Europe,106,4.103,0.793,1.413,0.609,0.163,0.011,0.187,0.927,4. 4<x<=5
498,Iraq,2018,Middle East and Northern Africa,138,4.456,1.01,0.971,0.536,0.304,0.095,0.148,1.392,4. 4<x<=5
499,South Africa,2018,Sub-Saharan Africa,117,4.724,0.94,1.41,0.33,0.516,0.056,0.103,1.369,4. 4<x<=5
500,Ghana,2018,Sub-Saharan Africa,105,4.657,0.592,0.896,0.337,0.499,0.029,0.212,2.092,4. 4<x<=5
501,Zimbabwe,2018,Sub-Saharan Africa,108,3.692,0.357,1.094,0.248,0.406,0.099,0.132,1.356,5. x<4
502,Liberia,2018,Sub-Saharan Africa,144,3.495,0.076,0.858,0.267,0.419,0.03,0.206,1.639,5. x<4
503,India,2018,Southern Asia,149,4.19,0.721,0.747,0.485,0.539,0.093,0.172,1.433,4. 4<x<=5
504,Haiti,2018,Latin America and Caribbean,133,3.582,0.315,0.714,0.289,0.025,0.104,0.392,1.743,5. x<4
505,Nepal,2018,Southern Asia,148,4.88,0.425,1.228,0.539,0.526,0.078,0.302,1.782,4. 4<x<=5
506,Ethiopia,2018,Sub-Saharan Africa,101,4.35,0.308,0.95,0.391,0.452,0.146,0.22,1.883,4. 4<x<=5
507,Sierra Leone,2018,Sub-Saharan Africa,127,4.571,0.256,0.813,0.0,0.355,0.053,0.238,2.856,4. 4<x<=5
508,Mauritania,2018,Sub-Saharan Africa,113,4.356,0.557,1.245,0.292,0.129,0.093,0.134,1.906,4. 4<x<=5
509,Kenya,2018,Sub-Saharan Africa,126,4.41,0.493,1.048,0.454,0.504,0.055,0.352,1.504,4. 4<x<=5
510,Armenia,2018,Central and Eastern Europe,124,4.321,0.816,0.99,0.666,0.26,0.028,0.077,1.484,4. 4<x<=5
511,Botswana,2018,Sub-Saharan Africa,129,3.59,1.017,1.174,0.417,0.557,0.092,0.042,0.291,5. x<4
512,Georgia,2018,Central and Eastern Europe,128,4.34,0.853,0.592,0.643,0.375,0.215,0.038,1.624,4. 4<x<=5
513,Malawi,2018,Sub-Saharan Africa,128,3.587,0.186,0.541,0.306,0.531,0.08,0.21,1.733,5. x<4
514,Sri Lanka,2018,Southern Asia,147,4.471,0.918,1.314,0.672,0.585,0.05,0.307,0.625,4. 4<x<=5
515,Cameroon,2018,Sub-Saharan Africa,116,4.975,0.535,0.891,0.182,0.454,0.043,0.183,2.687,4. 4<x<=5
516,Bulgaria,2018,Central and Eastern Europe,99,4.933,1.054,1.515,0.712,0.359,0.009,0.064,1.22,4. 4<x<=5
517,Egypt,2018,Middle East and Northern Africa,100,4.419,0.885,1.025,0.553,0.312,0.107,0.092,1.445,4. 4<x<=5
518,Yemen,2018,Middle East and Northern Africa,122,3.355,0.442,1.073,0.343,0.244,0.064,0.083,1.106,5. x<4
519,Mali,2018,Sub-Saharan Africa,152,4.447,0.37,1.233,0.152,0.367,0.056,0.139,2.13,4. 4<x<=5
520,Congo,2018,Sub-Saharan Africa,118,4.559,0.682,0.811,0.343,0.514,0.077,0.091,2.041,4. 4<x<=5
521,Senegal,2018,Sub-Saharan Africa,109,4.631,0.429,1.117,0.433,0.406,0.082,0.138,2.026,4. 4<x<=5
522,Gabon,2018,Sub-Saharan Africa,109,4.758,1.036,1.164,0.404,0.356,0.052,0.032,1.714,4. 4<x<=5
523,Niger,2018,Sub-Saharan Africa,103,4.166,0.131,0.867,0.221,0.39,0.099,0.175,2.283,4. 4<x<=5
524,Cambodia,2018,Southeastern Asia,134,4.433,0.549,1.088,0.457,0.696,0.065,0.256,1.322,4. 4<x<=5
525,Tanzania,2018,Sub-Saharan Africa,120,3.303,0.455,0.991,0.381,0.481,0.097,0.27,0.628,5. x<4
526,Madagascar,2018,Sub-Saharan Africa,153,3.774,0.262,0.908,0.402,0.221,0.049,0.155,1.777,5. x<4
527,Chad,2018,Sub-Saharan Africa,143,4.301,0.358,0.907,0.053,0.189,0.06,0.181,2.553,4. 4<x<=5
528,Guinea,2018,Sub-Saharan Africa,131,3.964,0.344,0.792,0.211,0.394,0.094,0.185,1.944,5. x<4
529,Côte d'Ivoire,2018,Sub-Saharan Africa,140,4.671,0.541,0.872,0.08,0.467,0.103,0.146,2.462,4. 4<x<=5
530,Burkina Faso,2018,Sub-Saharan Africa,107,4.424,0.314,1.097,0.254,0.312,0.128,0.175,2.144,4. 4<x<=5
531,Afghanistan,2018,Southern Asia,121,3.632,0.332,0.537,0.255,0.085,0.036,0.191,2.196,5. x<4
532,Rwanda,2018,Sub-Saharan Africa,145,3.408,0.332,0.896,0.4,0.636,0.444,0.2,0.5,5. x<4
533,Benin,2018,Sub-Saharan Africa,151,4.141,0.378,0.372,0.24,0.44,0.067,0.163,2.481,4. 4<x<=5
534,Burundi,2018,Sub-Saharan Africa,136,2.905,0.091,0.627,0.145,0.065,0.076,0.149,1.752,5. x<4
535,Togo,2018,Sub-Saharan Africa,156,3.999,0.259,0.474,0.253,0.434,0.101,0.158,2.32,5. x<4
536,Switzerland,2019,Western Europe,6,7.48,1.452,1.526,1.052,0.572,0.343,0.263,2.272,1. x>7
537,Iceland,2019,Western Europe,4,7.494,1.38,1.624,1.026,0.591,0.118,0.354,2.401,1. x>7
538,Denmark,2019,Western Europe,2,7.6,1.383,1.573,0.996,0.592,0.41,0.252,2.394,1. x>7
539,Norway,2019,Western Europe,3,7.554,1.488,1.582,1.028,0.603,0.341,0.271,2.241,1. x>7
540,Canada,2019,North America,9,7.278,1.365,1.505,1.039,0.584,0.308,0.285,2.192,1. x>7
541,Finland,2019,Western Europe,1,7.769,1.34,1.587,0.986,0.596,0.393,0.153,2.714,1. x>7
542,Netherlands,2019,Western Europe,5,7.488,1.396,1.522,0.999,0.557,0.298,0.322,2.394,1. x>7
543,Sweden,2019,Western Europe,7,7.343,1.387,1.487,1.009,0.574,0.373,0.267,2.246,1. x>7
544,New Zealand,2019,Australia and New Zealand,8,7.307,1.303,1.557,1.026,0.585,0.38,0.33,2.126,1. x>7
545,Australia,2019,Australia and New Zealand,11,7.228,1.372,1.548,1.036,0.557,0.29,0.332,2.093,1. x>7
546,Israel,2019,Middle East and Northern Africa,13,7.139,1.276,1.455,1.029,0.371,0.082,0.261,2.665,1. x>7
547,Costa Rica,2019,Latin America and Caribbean,12,7.167,1.034,1.441,0.963,0.558,0.093,0.144,2.934,1. x>7
548,Austria,2019,Western Europe,10,7.246,1.376,1.475,1.016,0.532,0.226,0.244,2.377,1. x>7
549,Mexico,2019,Latin America and Caribbean,23,6.595,1.07,1.323,0.861,0.433,0.073,0.074,2.761,2. 6<x<=7
550,United States of America,2019,North America,19,6.892,1.433,1.457,0.874,0.454,0.128,0.28,2.266,2. 6<x<=7
551,Brazil,2019,Latin America and Caribbean,32,6.3,1.004,1.439,0.802,0.39,0.086,0.099,2.48,2. 6<x<=7
552,Luxembourg,2019,Western Europe,14,7.09,1.609,1.479,1.012,0.526,0.316,0.194,1.954,1. x>7
553,Ireland,2019,Western Europe,16,7.021,1.499,1.553,0.999,0.516,0.31,0.298,1.846,1. x>7
554,United Arab Emirates,2019,Middle East and Northern Africa,21,6.825,1.503,1.31,0.825,0.598,0.182,0.262,2.145,2. 6<x<=7
555,United Kingdom,2019,Western Europe,15,7.054,1.333,1.538,0.996,0.45,0.278,0.348,2.111,1. x>7
556,Venezuela,2019,Latin America and Caribbean,108,4.707,0.96,1.427,0.805,0.154,0.047,0.064,1.25,4. 4<x<=5
557,Singapore,2019,Southeastern Asia,34,6.262,1.572,1.463,1.141,0.556,0.453,0.271,0.806,2. 6<x<=7
558,Panama,2019,Latin America and Caribbean,31,6.321,1.149,1.442,0.91,0.516,0.054,0.109,2.141,2. 6<x<=7
559,Germany,2019,Western Europe,17,6.985,1.373,1.454,0.987,0.495,0.265,0.261,2.15,2. 6<x<=7
560,Chile,2019,Latin America and Caribbean,26,6.444,1.159,1.369,0.92,0.357,0.056,0.187,2.396,2. 6<x<=7
561,France,2019,Western Europe,24,6.592,1.324,1.472,1.045,0.436,0.183,0.111,2.021,2. 6<x<=7
562,Argentina,2019,Latin America and Caribbean,47,6.086,1.092,1.432,0.881,0.471,0.05,0.066,2.094,2. 6<x<=7
563,Czechia,2019,Central and Eastern Europe,20,6.852,1.269,1.487,0.92,0.457,0.036,0.046,2.637,2. 6<x<=7
564,Uruguay,2019,Latin America and Caribbean,33,6.293,1.124,1.465,0.891,0.523,0.15,0.127,2.013,2. 6<x<=7
565,Colombia,2019,Latin America and Caribbean,43,6.125,0.985,1.41,0.841,0.47,0.034,0.099,2.286,2. 6<x<=7
566,Thailand,2019,Southeastern Asia,52,6.008,1.05,1.409,0.828,0.557,0.028,0.359,1.777,2. 6<x<=7
567,Saudi Arabia,2019,Middle East and Northern Africa,28,6.375,1.403,1.357,0.795,0.439,0.132,0.08,2.169,2. 6<x<=7
568,Spain,2019,Western Europe,30,6.354,1.286,1.484,1.062,0.362,0.079,0.153,1.928,2. 6<x<=7
569,Malta,2019,Western Europe,22,6.726,1.3,1.52,0.999,0.564,0.151,0.375,1.817,2. 6<x<=7
570,Kuwait,2019,Middle East and Northern Africa,51,6.021,1.5,1.319,0.808,0.493,0.097,0.142,1.662,2. 6<x<=7
571,El Salvador,2019,Latin America and Caribbean,35,6.253,0.794,1.242,0.789,0.43,0.074,0.093,2.831,2. 6<x<=7
572,Guatemala,2019,Latin America and Caribbean,27,6.436,0.8,1.269,0.746,0.535,0.078,0.175,2.833,2. 6<x<=7
573,Uzbekistan,2019,Central and Eastern Europe,41,6.174,0.745,1.529,0.756,0.631,0.24,0.322,1.951,2. 6<x<=7
574,Slovakia,2019,Central and Eastern Europe,38,6.198,1.246,1.504,0.881,0.334,0.014,0.121,2.098,2. 6<x<=7
575,Japan,2019,Eastern Asia,58,5.886,1.327,1.419,1.088,0.445,0.14,0.069,1.398,3. 5<x<=6
576,South Korea,2019,Eastern Asia,54,5.895,1.301,1.219,1.036,0.159,0.056,0.175,1.949,3. 5<x<=6
577,Ecuador,2019,Latin America and Caribbean,50,6.028,0.912,1.312,0.868,0.498,0.087,0.126,2.225,2. 6<x<=7
578,Bahrain,2019,Middle East and Northern Africa,37,6.199,1.362,1.368,0.871,0.536,0.11,0.255,1.697,2. 6<x<=7
579,Italy,2019,Western Europe,36,6.223,1.294,1.488,1.039,0.231,0.03,0.158,1.983,2. 6<x<=7
580,Bolivia,2019,Latin America and Caribbean,61,5.779,0.776,1.209,0.706,0.511,0.064,0.137,2.376,3. 5<x<=6
581,Moldova,2019,Central and Eastern Europe,71,5.529,0.685,1.328,0.739,0.245,0.0,0.181,2.351,3. 5<x<=6
582,Paraguay,2019,Latin America and Caribbean,63,5.743,0.855,1.475,0.777,0.514,0.08,0.184,1.858,3. 5<x<=6
583,Kazakhstan,2019,Central and Eastern Europe,60,5.809,1.173,1.508,0.729,0.41,0.096,0.146,1.747,3. 5<x<=6
584,Slovenia,2019,Central and Eastern Europe,44,6.118,1.258,1.523,0.953,0.564,0.057,0.144,1.619,2. 6<x<=7
585,Lithuania,2019,Central and Eastern Europe,42,6.149,1.238,1.515,0.818,0.291,0.042,0.043,2.202,2. 6<x<=7
586,Nicaragua,2019,Latin America and Caribbean,45,6.105,0.694,1.325,0.835,0.435,0.127,0.2,2.489,2. 6<x<=7
587,Peru,2019,Latin America and Caribbean,65,5.697,0.96,1.274,0.854,0.455,0.027,0.083,2.044,3. 5<x<=6
588,Belarus,2019,Central and Eastern Europe,81,5.323,1.067,1.465,0.789,0.235,0.142,0.094,1.531,3. 5<x<=6
589,Poland,2019,Central and Eastern Europe,40,6.182,1.206,1.438,0.884,0.483,0.05,0.117,2.004,2. 6<x<=7
590,Malaysia,2019,Southeastern Asia,80,5.339,1.221,1.171,0.828,0.508,0.024,0.26,1.327,3. 5<x<=6
591,Croatia,2019,Central and Eastern Europe,75,5.432,1.155,1.266,0.914,0.296,0.022,0.119,1.66,3. 5<x<=6
592,Libya,2019,Middle East and Northern Africa,72,5.525,1.044,1.303,0.673,0.416,0.152,0.133,1.804,3. 5<x<=6
593,Russia,2019,Central and Eastern Europe,68,5.648,1.183,1.452,0.726,0.334,0.031,0.082,1.84,3. 5<x<=6
594,Jamaica,2019,Latin America and Caribbean,56,5.89,0.831,1.478,0.831,0.49,0.028,0.107,2.125,3. 5<x<=6
595,Cyprus,2019,Western Europe,49,6.046,1.263,1.223,1.042,0.406,0.041,0.19,1.881,2. 6<x<=7
596,Algeria,2019,Middle East and Northern Africa,88,5.211,1.002,1.16,0.785,0.086,0.114,0.073,1.991,3. 5<x<=6
597,Kosovo,2019,Central and Eastern Europe,46,6.1,0.882,1.232,0.758,0.489,0.006,0.262,2.471,2. 6<x<=7
598,Turkmenistan,2019,Central and Eastern Europe,87,5.247,1.052,1.538,0.657,0.394,0.028,0.244,1.334,3. 5<x<=6
599,Mauritius,2019,Sub-Saharan Africa,57,5.888,1.12,1.402,0.798,0.498,0.06,0.215,1.795,3. 5<x<=6
600,Estonia,2019,Central and Eastern Europe,55,5.893,1.237,1.528,0.874,0.495,0.161,0.103,1.495,3. 5<x<=6
601,Indonesia,2019,Southeastern Asia,92,5.192,0.931,1.203,0.66,0.491,0.028,0.498,1.381,3. 5<x<=6
602,Vietnam,2019,Southeastern Asia,94,5.175,0.741,1.346,0.851,0.543,0.073,0.147,1.474,3. 5<x<=6
603,Turkey,2019,Middle East and Northern Africa,79,5.373,1.183,1.36,0.808,0.195,0.106,0.083,1.638,3. 5<x<=6
604,Kyrgyzstan,2019,Central and Eastern Europe,86,5.261,0.551,1.438,0.723,0.508,0.023,0.3,1.718,3. 5<x<=6
605,Nigeria,2019,Sub-Saharan Africa,85,5.265,0.696,1.111,0.245,0.426,0.041,0.215,2.531,3. 5<x<=6
606,Azerbaijan,2019,Central and Eastern Europe,90,5.208,1.043,1.147,0.769,0.351,0.182,0.035,1.681,3. 5<x<=6
607,Pakistan,2019,Southern Asia,67,5.653,0.677,0.886,0.535,0.313,0.098,0.22,2.924,3. 5<x<=6
608,Jordan,2019,Middle East and Northern Africa,101,4.906,0.837,1.225,0.815,0.383,0.13,0.11,1.406,4. 4<x<=5
609,Montenegro,2019,Central and Eastern Europe,73,5.523,1.051,1.361,0.871,0.197,0.08,0.142,1.821,3. 5<x<=6
610,China,2019,Eastern Asia,93,5.191,1.029,1.125,0.893,0.521,0.1,0.058,1.465,3. 5<x<=6
611,Zambia,2019,Sub-Saharan Africa,138,4.107,0.578,1.058,0.426,0.431,0.087,0.247,1.28,4. 4<x<=5
612,Romania,2019,Central and Eastern Europe,48,6.07,1.162,1.232,0.825,0.462,0.005,0.083,2.301,2. 6<x<=7
613,Serbia,2019,Central and Eastern Europe,70,5.603,1.004,1.383,0.854,0.282,0.039,0.137,1.904,3. 5<x<=6
614,Portugal,2019,Western Europe,66,5.693,1.221,1.431,0.999,0.508,0.025,0.047,1.462,3. 5<x<=6
615,Latvia,2019,Central and Eastern Europe,53,5.94,1.187,1.465,0.812,0.264,0.064,0.075,2.073,3. 5<x<=6
616,Philippines,2019,Southeastern Asia,69,5.631,0.807,1.293,0.657,0.558,0.107,0.117,2.092,3. 5<x<=6
617,Morocco,2019,Middle East and Northern Africa,89,5.208,0.801,0.782,0.782,0.418,0.076,0.036,2.313,3. 5<x<=6
618,Albania,2019,Central and Eastern Europe,107,4.719,0.947,0.848,0.874,0.383,0.027,0.178,1.462,4. 4<x<=5
619,Bosnia and Herz.,2019,Central and Eastern Europe,78,5.386,0.945,1.212,0.845,0.212,0.006,0.263,1.903,3. 5<x<=6
620,Dominican Rep.,2019,Latin America and Caribbean,77,5.425,1.015,1.401,0.779,0.497,0.101,0.113,1.519,3. 5<x<=6
621,Mongolia,2019,Eastern Asia,83,5.285,0.948,1.531,0.667,0.317,0.038,0.235,1.549,3. 5<x<=6
622,Greece,2019,Western Europe,82,5.287,1.181,1.156,0.999,0.067,0.034,0.0,1.85,3. 5<x<=6
623,Lebanon,2019,Middle East and Northern Africa,91,5.197,0.987,1.224,0.815,0.216,0.027,0.166,1.762,3. 5<x<=6
624,Hungary,2019,Central and Eastern Europe,62,5.758,1.201,1.41,0.828,0.199,0.02,0.081,2.019,3. 5<x<=6
625,Honduras,2019,Latin America and Caribbean,59,5.86,0.642,1.236,0.828,0.507,0.078,0.246,2.323,3. 5<x<=6
626,Tajikistan,2019,Central and Eastern Europe,74,5.467,0.493,1.098,0.718,0.389,0.144,0.23,2.395,3. 5<x<=6
627,Tunisia,2019,Middle East and Northern Africa,124,4.461,0.921,1.0,0.815,0.167,0.055,0.059,1.444,4. 4<x<=5
628,Palestine,2019,Middle East and Northern Africa,110,4.696,0.657,1.247,0.672,0.225,0.066,0.103,1.726,4. 4<x<=5
629,Bangladesh,2019,Southern Asia,125,4.456,0.562,0.928,0.723,0.527,0.143,0.166,1.407,4. 4<x<=5
630,Iran,2019,Middle East and Northern Africa,117,4.548,1.1,0.842,0.785,0.305,0.125,0.27,1.121,4. 4<x<=5
631,Ukraine,2019,Central and Eastern Europe,133,4.332,0.82,1.39,0.739,0.178,0.01,0.187,1.008,4. 4<x<=5
632,Iraq,2019,Middle East and Northern Africa,126,4.437,1.043,0.98,0.574,0.241,0.089,0.148,1.362,4. 4<x<=5
633,South Africa,2019,Sub-Saharan Africa,106,4.722,0.96,1.351,0.469,0.389,0.055,0.13,1.368,4. 4<x<=5
634,Ghana,2019,Sub-Saharan Africa,98,4.996,0.611,0.868,0.486,0.381,0.04,0.245,2.365,4. 4<x<=5
635,Zimbabwe,2019,Sub-Saharan Africa,146,3.663,0.366,1.114,0.433,0.361,0.089,0.151,1.149,5. x<4
636,Liberia,2019,Sub-Saharan Africa,141,3.975,0.073,0.922,0.443,0.37,0.033,0.233,1.901,5. x<4
637,India,2019,Southern Asia,140,4.015,0.755,0.765,0.588,0.498,0.085,0.2,1.124,4. 4<x<=5
638,Haiti,2019,Latin America and Caribbean,147,3.597,0.323,0.688,0.449,0.026,0.11,0.419,1.582,5. x<4
639,Nepal,2019,Southern Asia,100,4.913,0.446,1.226,0.677,0.439,0.089,0.285,1.751,4. 4<x<=5
640,Ethiopia,2019,Sub-Saharan Africa,134,4.286,0.336,1.033,0.532,0.344,0.1,0.209,1.732,4. 4<x<=5
641,Sierra Leone,2019,Sub-Saharan Africa,129,4.374,0.268,0.841,0.242,0.309,0.045,0.252,2.417,4. 4<x<=5
642,Mauritania,2019,Sub-Saharan Africa,122,4.49,0.57,1.167,0.489,0.066,0.088,0.106,2.004,4. 4<x<=5
643,Kenya,2019,Sub-Saharan Africa,121,4.509,0.512,0.983,0.581,0.431,0.053,0.372,1.577,4. 4<x<=5
644,Armenia,2019,Central and Eastern Europe,116,4.559,0.85,1.055,0.815,0.283,0.064,0.095,1.397,4. 4<x<=5
645,Botswana,2019,Sub-Saharan Africa,148,3.488,1.041,1.145,0.538,0.455,0.1,0.025,0.184,5. x<4
646,Georgia,2019,Central and Eastern Europe,119,4.519,0.886,0.666,0.752,0.346,0.164,0.043,1.662,4. 4<x<=5
647,Malawi,2019,Sub-Saharan Africa,150,3.41,0.191,0.56,0.495,0.443,0.089,0.218,1.414,5. x<4
648,Sri Lanka,2019,Southern Asia,130,4.366,0.949,1.265,0.831,0.47,0.047,0.244,0.56,4. 4<x<=5
649,Cameroon,2019,Sub-Saharan Africa,96,5.044,0.549,0.91,0.331,0.381,0.037,0.187,2.649,3. 5<x<=6
650,Bulgaria,2019,Central and Eastern Europe,97,5.011,1.092,1.513,0.815,0.311,0.004,0.081,1.195,3. 5<x<=6
651,Egypt,2019,Middle East and Northern Africa,137,4.166,0.913,1.039,0.644,0.241,0.067,0.076,1.186,4. 4<x<=5
652,Yemen,2019,Middle East and Northern Africa,151,3.38,0.287,1.163,0.463,0.143,0.077,0.108,1.139,5. x<4
653,Mali,2019,Sub-Saharan Africa,128,4.39,0.385,1.105,0.308,0.327,0.052,0.153,2.06,4. 4<x<=5
654,Congo,2019,Sub-Saharan Africa,103,4.812,0.673,0.799,0.508,0.372,0.093,0.105,2.262,4. 4<x<=5
655,Senegal,2019,Sub-Saharan Africa,111,4.681,0.45,1.134,0.571,0.292,0.072,0.153,2.009,4. 4<x<=5
656,Gabon,2019,Sub-Saharan Africa,104,4.799,1.057,1.183,0.571,0.295,0.055,0.043,1.595,4. 4<x<=5
657,Niger,2019,Sub-Saharan Africa,114,4.628,0.138,0.774,0.366,0.318,0.102,0.188,2.742,4. 4<x<=5
658,Cambodia,2019,Southeastern Asia,109,4.7,0.574,1.122,0.637,0.609,0.062,0.232,1.464,4. 4<x<=5
659,Tanzania,2019,Sub-Saharan Africa,153,3.231,0.476,0.885,0.499,0.417,0.147,0.276,0.531,5. x<4
660,Madagascar,2019,Sub-Saharan Africa,143,3.933,0.274,0.916,0.555,0.148,0.041,0.169,1.83,5. x<4
661,Chad,2019,Sub-Saharan Africa,132,4.35,0.35,0.766,0.192,0.174,0.078,0.198,2.592,4. 4<x<=5
662,Guinea,2019,Sub-Saharan Africa,118,4.534,0.38,0.829,0.375,0.332,0.086,0.207,2.325,4. 4<x<=5
663,Côte d'Ivoire,2019,Sub-Saharan Africa,99,4.944,0.569,0.808,0.232,0.352,0.09,0.154,2.739,4. 4<x<=5
664,Burkina Faso,2019,Sub-Saharan Africa,115,4.587,0.331,1.056,0.38,0.255,0.113,0.177,2.275,4. 4<x<=5
665,Afghanistan,2019,Southern Asia,154,3.203,0.35,0.517,0.361,0.0,0.025,0.158,1.792,5. x<4
666,Rwanda,2019,Sub-Saharan Africa,152,3.334,0.359,0.711,0.614,0.555,0.411,0.217,0.467,5. x<4
667,Benin,2019,Sub-Saharan Africa,102,4.883,0.393,0.437,0.397,0.349,0.082,0.175,3.05,4. 4<x<=5
668,Burundi,2019,Sub-Saharan Africa,145,3.775,0.046,0.447,0.38,0.22,0.18,0.176,2.326,5. x<4
669,Togo,2019,Sub-Saharan Africa,139,4.085,0.275,0.572,0.41,0.293,0.085,0.177,2.273,4. 4<x<=5
670,Switzerland,2020,Western Europe,3,7.5599,1.3908,1.4724,1.0405,0.629,0.4079,0.2691,2.3503,1. x>7
671,Iceland,2020,Western Europe,4,7.5045,1.3265,1.5476,1.0008,0.662,0.1445,0.3623,2.4607,1. x>7
672,Denmark,2020,Western Europe,2,7.6456,1.3269,1.5034,0.9793,0.665,0.4953,0.2428,2.4327,1. x>7
673,Norway,2020,Western Europe,5,7.488,1.4242,1.4952,1.0081,0.6702,0.4341,0.288,2.1683,1. x>7
674,Canada,2020,North America,11,7.2321,1.3016,1.4354,1.0225,0.644,0.3517,0.2815,2.1953,1. x>7
675,Finland,2020,Western Europe,1,7.8087,1.2852,1.4995,0.9613,0.6623,0.4779,0.1597,2.7628,1. x>7
676,Netherlands,2020,Western Europe,6,7.4489,1.3389,1.4636,0.9757,0.6136,0.3686,0.3363,2.3521,1. x>7
677,Sweden,2020,Western Europe,7,7.3535,1.3222,1.4333,0.9865,0.6503,0.4421,0.2728,2.2463,1. x>7
678,New Zealand,2020,Australia and New Zealand,8,7.2996,1.2423,1.4872,1.0081,0.6468,0.4613,0.3257,2.1281,1. x>7
679,Australia,2020,Australia and New Zealand,12,7.2228,1.3104,1.4771,1.0226,0.6219,0.336,0.325,2.1298,1. x>7
680,Israel,2020,Middle East and Northern Africa,14,7.1286,1.2165,1.4033,1.0081,0.4207,0.0999,0.2669,2.7134,1. x>7
681,Costa Rica,2020,Latin America and Caribbean,15,7.1214,0.9811,1.3749,0.9396,0.645,0.0964,0.1313,2.9531,1. x>7
682,Austria,2020,Western Europe,9,7.2942,1.3173,1.4374,1.0009,0.6034,0.2813,0.2555,2.3984,1. x>7
683,Mexico,2020,Latin America and Caribbean,24,6.465,1.0244,1.2263,0.8316,0.5539,0.0831,0.0831,2.6625,2. 6<x<=7
684,United States of America,2020,North America,18,6.9396,1.374,1.4048,0.8316,0.5346,0.1523,0.2981,2.3441,2. 6<x<=7
685,Brazil,2020,Latin America and Caribbean,32,6.3756,0.9527,1.3635,0.7661,0.4833,0.1065,0.1317,2.5719,2. 6<x<=7
686,Luxembourg,2020,Western Europe,10,7.2375,1.5367,1.3875,0.9864,0.6101,0.367,0.196,2.1537,1. x>7
687,Ireland,2020,Western Europe,16,7.0937,1.4469,1.4706,0.9757,0.5878,0.3734,0.2954,1.9439,1. x>7
688,United Arab Emirates,2020,Middle East and Northern Africa,21,6.7908,1.4311,1.2512,0.7878,0.6529,0.2202,0.2807,2.167,2. 6<x<=7
689,United Kingdom,2020,Western Europe,13,7.1645,1.2731,1.4578,0.9757,0.5252,0.3226,0.3734,2.2367,1. x>7
690,Venezuela,2020,Latin America and Caribbean,99,5.0532,0.7702,1.3485,0.767,0.2717,0.0636,0.0872,1.7448,3. 5<x<=6
691,Singapore,2020,Southeastern Asia,31,6.3771,1.5196,1.3955,1.1378,0.6353,0.5332,0.2188,0.937,2. 6<x<=7
692,Panama,2020,Latin America and Caribbean,36,6.3048,1.0977,1.3761,0.8785,0.5798,0.0542,0.0972,2.2212,2. 6<x<=7
693,Germany,2020,Western Europe,17,7.0758,1.3142,1.3685,0.9721,0.5643,0.3094,0.252,2.2952,1. x>7
694,Chile,2020,Latin America and Caribbean,39,6.2285,1.097,1.3233,0.8893,0.4175,0.0628,0.1556,2.283,2. 6<x<=7
695,France,2020,Western Europe,23,6.6638,1.2681,1.4588,1.0297,0.5141,0.2273,0.1126,2.0532,2. 6<x<=7
696,Argentina,2020,Latin America and Caribbean,55,5.9747,1.0285,1.3725,0.8498,0.5208,0.0604,0.0701,2.0725,3. 5<x<=6
697,Czechia,2020,Central and Eastern Europe,19,6.9109,1.2123,1.4053,0.8946,0.5057,0.0498,0.0463,2.7968,2. 6<x<=7
698,Uruguay,2020,Latin America and Caribbean,26,6.4401,1.071,1.4251,0.8569,0.5943,0.1934,0.1321,2.1673,2. 6<x<=7
699,Colombia,2020,Latin America and Caribbean,44,6.1634,0.9322,1.3345,0.81,0.5269,0.0458,0.0924,2.4217,2. 6<x<=7
700,Thailand,2020,Southeastern Asia,54,5.9988,1.007,1.3475,0.7939,0.6094,0.0318,0.3767,1.8324,3. 5<x<=6
701,Saudi Arabia,2020,Middle East and Northern Africa,27,6.4065,1.3343,1.31,0.7598,0.5485,0.1633,0.0874,2.2031,2. 6<x<=7
702,Spain,2020,Western Europe,28,6.4009,1.2305,1.4211,1.0513,0.426,0.1096,0.1653,1.9971,2. 6<x<=7
703,Malta,2020,Western Europe,22,6.7728,1.2525,1.443,0.972,0.6332,0.1789,0.3412,1.952,2. 6<x<=7
704,Kuwait,2020,Middle East and Northern Africa,48,6.1021,1.4248,1.2448,0.7765,0.5703,0.1128,0.1328,1.8402,2. 6<x<=7
705,El Salvador,2020,Latin America and Caribbean,34,6.3483,0.7489,1.1494,0.7527,0.524,0.117,0.1189,2.9372,2. 6<x<=7
706,Guatemala,2020,Latin America and Caribbean,29,6.3989,0.7538,1.1743,0.706,0.6131,0.0984,0.1706,2.8827,2. 6<x<=7
707,Uzbekistan,2020,Central and Eastern Europe,38,6.2576,0.6967,1.434,0.7167,0.6933,0.2803,0.3633,2.0733,2. 6<x<=7
708,Slovakia,2020,Central and Eastern Europe,37,6.2806,1.1948,1.4243,0.8535,0.4235,0.0113,0.1167,2.2564,2. 6<x<=7
709,Japan,2020,Eastern Asia,62,5.8708,1.2667,1.3323,1.0729,0.4955,0.1814,0.0357,1.4862,3. 5<x<=6
710,South Korea,2020,Eastern Asia,61,5.8724,1.2453,1.1336,1.0225,0.2594,0.0946,0.1703,1.9468,3. 5<x<=6
711,Ecuador,2020,Latin America and Caribbean,58,5.9252,0.8534,1.221,0.8388,0.5552,0.0868,0.115,2.2549,3. 5<x<=6
712,Bahrain,2020,Middle East and Northern Africa,40,6.2273,1.2967,1.3153,0.8388,0.6104,0.1267,0.2875,1.7519,2. 6<x<=7
713,Italy,2020,Western Europe,30,6.3874,1.2364,1.3473,1.0225,0.3213,0.0401,0.1703,2.2495,2. 6<x<=7
714,Bolivia,2020,Latin America and Caribbean,65,5.7475,0.731,1.1424,0.6624,0.5745,0.0729,0.1384,2.4259,3. 5<x<=6
715,Moldova,2020,Central and Eastern Europe,70,5.6075,0.7079,1.2373,0.7133,0.3896,0.0144,0.174,2.371,3. 5<x<=6
716,Paraguay,2020,Latin America and Caribbean,67,5.6921,0.898,1.3682,0.7359,0.5865,0.0651,0.2043,1.8341,3. 5<x<=6
717,Kazakhstan,2020,Central and Eastern Europe,50,6.0579,1.1226,1.4533,0.6988,0.4974,0.1105,0.1537,2.0216,2. 6<x<=7
718,Slovenia,2020,Central and Eastern Europe,33,6.3634,1.2087,1.4647,0.9325,0.6467,0.0765,0.1457,1.8886,2. 6<x<=7
719,Lithuania,2020,Central and Eastern Europe,41,6.2155,1.1936,1.4329,0.7954,0.4205,0.0814,0.0537,2.2381,2. 6<x<=7
720,Nicaragua,2020,Latin America and Caribbean,46,6.1371,0.62,1.2708,0.8031,0.5601,0.1741,0.2129,2.4961,2. 6<x<=7
721,Peru,2020,Latin America and Caribbean,63,5.7968,0.9185,1.2084,0.8244,0.5132,0.027,0.0916,2.2135,3. 5<x<=6
722,Belarus,2020,Central and Eastern Europe,75,5.5399,1.0189,1.3871,0.7526,0.2908,0.1936,0.0899,1.807,3. 5<x<=6
723,Poland,2020,Central and Eastern Europe,43,6.1863,1.1692,1.3104,0.868,0.5579,0.1605,0.0634,2.0568,2. 6<x<=7
724,Malaysia,2020,Southeastern Asia,82,5.3843,1.1684,1.174,0.7885,0.5969,0.0622,0.2749,1.3194,3. 5<x<=6
725,Croatia,2020,Central and Eastern Europe,79,5.5047,1.109,1.3113,0.9006,0.3815,0.0123,0.114,1.676,3. 5<x<=6
726,Libya,2020,Middle East and Northern Africa,80,5.4888,1.0219,1.1963,0.6156,0.4514,0.1723,0.1428,1.8886,3. 5<x<=6
727,Russia,2020,Central and Eastern Europe,73,5.546,1.127,1.3786,0.6804,0.3995,0.0457,0.099,1.8157,3. 5<x<=6
728,Jamaica,2020,Latin America and Caribbean,60,5.8898,0.7791,1.4083,0.7884,0.5531,0.0301,0.1163,2.2144,3. 5<x<=6
729,Cyprus,2020,Western Europe,45,6.159,1.2128,1.1492,1.0261,0.4594,0.0512,0.2279,2.0323,2. 6<x<=7
730,Algeria,2020,Middle East and Northern Africa,100,5.0051,0.9439,1.143,0.7454,0.0839,0.1292,0.1189,1.8408,3. 5<x<=6
731,Kosovo,2020,Central and Eastern Europe,35,6.3252,0.8405,1.184,0.6727,0.5573,0.0086,0.3253,2.7369,2. 6<x<=7
732,Turkmenistan,2020,Central and Eastern Europe,95,5.1191,1.009,1.5105,0.6124,0.5152,0.0335,0.3231,1.1153,3. 5<x<=6
733,Mauritius,2020,Sub-Saharan Africa,49,6.1013,1.0737,1.3957,0.7634,0.5908,0.0841,0.1869,2.0067,2. 6<x<=7
734,Estonia,2020,Central and Eastern Europe,51,6.0218,1.1924,1.4532,0.8426,0.5767,0.2018,0.1251,1.6299,2. 6<x<=7
735,Indonesia,2020,Southeastern Asia,84,5.2856,0.8917,1.1548,0.6104,0.5682,0.0383,0.5426,1.4796,3. 5<x<=6
736,Vietnam,2020,Southeastern Asia,83,5.3535,0.7181,1.2531,0.8191,0.6508,0.0898,0.1365,1.686,3. 5<x<=6
737,Turkey,2020,Middle East and Northern Africa,93,5.1318,1.1272,1.1972,0.7813,0.2544,0.121,0.0859,1.5648,3. 5<x<=6
738,Kyrgyzstan,2020,Central and Eastern Europe,74,5.5415,0.5132,1.341,0.6806,0.6146,0.0305,0.3014,2.0602,3. 5<x<=6
739,Nigeria,2020,Sub-Saharan Africa,115,4.7241,0.6459,0.9867,0.1678,0.4351,0.0476,0.2213,2.2196,4. 4<x<=5
740,Azerbaijan,2020,Central and Eastern Europe,89,5.1648,0.9903,1.1806,0.7311,0.4677,0.2473,0.0401,1.5076,3. 5<x<=6
741,Pakistan,2020,Southern Asia,66,5.6933,0.6168,0.873,0.4699,0.4054,0.1226,0.2287,2.9769,3. 5<x<=6
742,Jordan,2020,Middle East and Northern Africa,119,4.6334,0.7852,1.1401,0.7776,0.4249,0.1519,0.0915,1.2623,4. 4<x<=5
743,Montenegro,2020,Central and Eastern Europe,72,5.5461,1.0102,1.2657,0.839,0.3032,0.0984,0.149,1.8806,3. 5<x<=6
744,China,2020,Eastern Asia,94,5.1239,0.9905,1.1321,0.8672,0.6016,0.1173,0.079,1.3362,3. 5<x<=6
745,Zambia,2020,Sub-Saharan Africa,141,3.7594,0.5368,0.896,0.3636,0.4913,0.0867,0.2506,1.1343,5. x<4
746,Romania,2020,Central and Eastern Europe,47,6.1237,1.1204,1.1944,0.7923,0.5349,0.0008,0.0682,2.4127,2. 6<x<=7
747,Serbia,2020,Central and Eastern Europe,64,5.7782,0.9882,1.3274,0.8284,0.3954,0.0594,0.1503,2.029,3. 5<x<=6
748,Portugal,2020,Western Europe,59,5.9109,1.1688,1.3395,0.9793,0.5899,0.0277,0.053,1.7526,3. 5<x<=6
749,Latvia,2020,Central and Eastern Europe,57,5.95,1.1414,1.4144,0.7779,0.3292,0.0904,0.0754,2.1213,3. 5<x<=6
750,Philippines,2020,Southeastern Asia,52,6.006,0.7751,1.2454,0.6022,0.6219,0.1304,0.1293,2.5017,2. 6<x<=7
751,Morocco,2020,Middle East and Northern Africa,97,5.0948,0.7586,0.6452,0.7451,0.4501,0.0774,0.04,2.3784,3. 5<x<=6
752,Albania,2020,Central and Eastern Europe,105,4.8827,0.9067,0.8305,0.8463,0.4619,0.0254,0.171,1.6409,4. 4<x<=5
753,Bosnia and Herz.,2020,Central and Eastern Europe,69,5.6741,0.9184,1.204,0.8139,0.3054,0.0012,0.264,2.1672,3. 5<x<=6
754,Dominican Rep.,2020,Latin America and Caribbean,68,5.6892,0.9832,1.3289,0.7419,0.5629,0.1159,0.1122,1.8442,3. 5<x<=6
755,Mongolia,2020,Eastern Asia,81,5.4562,0.9049,1.4589,0.6158,0.3557,0.0465,0.2639,1.8105,3. 5<x<=6
756,Greece,2020,Western Europe,77,5.515,1.1281,1.169,0.9794,0.1735,0.0488,0.0,2.0162,3. 5<x<=6
757,Lebanon,2020,Middle East and Northern Africa,111,4.7715,0.8892,1.1925,0.7887,0.1855,0.0215,0.1585,1.5355,4. 4<x<=5
758,Hungary,2020,Central and Eastern Europe,53,6.0004,1.1643,1.423,0.8068,0.3864,0.0275,0.0705,2.1218,2. 6<x<=7
759,Honduras,2020,Latin America and Caribbean,56,5.9532,0.5988,1.1867,0.792,0.5681,0.0868,0.2565,2.4643,3. 5<x<=6
760,Tajikistan,2020,Central and Eastern Europe,71,5.5557,0.4749,1.2184,0.6806,0.5211,0.2218,0.1824,2.2565,3. 5<x<=6
761,Tunisia,2020,Middle East and Northern Africa,128,4.3922,0.8747,0.8722,0.7812,0.2359,0.0439,0.0559,1.5285,4. 4<x<=5
762,Palestine,2020,Middle East and Northern Africa,125,4.5528,0.5878,1.1948,0.6138,0.2987,0.0719,0.0918,1.694,4. 4<x<=5
763,Bangladesh,2020,Southern Asia,107,4.8328,0.5562,0.8688,0.6949,0.6041,0.1767,0.1767,1.7553,4. 4<x<=5
764,Iran,2020,Middle East and Northern Africa,118,4.6724,1.0293,0.8863,0.7491,0.3012,0.1427,0.277,1.287,4. 4<x<=5
765,Ukraine,2020,Central and Eastern Europe,123,4.5607,0.7804,1.3213,0.6987,0.3194,0.0097,0.1786,1.2527,4. 4<x<=5
766,Iraq,2020,Middle East and Northern Africa,110,4.7848,0.982,1.0115,0.5294,0.2836,0.0732,0.153,1.7522,4. 4<x<=5
767,South Africa,2020,Sub-Saharan Africa,109,4.8141,0.9021,1.2591,0.407,0.4348,0.0595,0.1264,1.6251,4. 4<x<=5
768,Ghana,2020,Sub-Saharan Africa,91,5.148,0.5759,0.9664,0.4322,0.4773,0.0566,0.2613,2.3784,3. 5<x<=6
769,Zimbabwe,2020,Sub-Saharan Africa,151,3.2992,0.4256,1.0478,0.375,0.3774,0.0809,0.1513,0.841,5. x<4
770,Liberia,2020,Sub-Saharan Africa,124,4.5579,0.1741,0.9207,0.3923,0.4059,0.0511,0.227,2.3868,4. 4<x<=5
771,India,2020,Southern Asia,144,3.5733,0.7306,0.6442,0.5406,0.5811,0.1056,0.2371,0.7341,5. x<4
772,Haiti,2020,Latin America and Caribbean,142,3.7208,0.2847,0.6467,0.3744,0.1693,0.1619,0.4639,1.6199,5. x<4
773,Nepal,2020,Southern Asia,92,5.1372,0.4441,1.1008,0.6689,0.4806,0.1275,0.301,2.0144,3. 5<x<=6
774,Ethiopia,2020,Sub-Saharan Africa,136,4.1862,0.3151,1.0011,0.4838,0.4126,0.1174,0.2277,1.6285,4. 4<x<=5
775,Sierra Leone,2020,Sub-Saharan Africa,139,3.9264,0.2406,0.748,0.204,0.382,0.0479,0.2576,2.0463,5. x<4
776,Mauritania,2020,Sub-Saharan Africa,129,4.3746,0.5397,1.1133,0.4252,0.1857,0.1223,0.1289,1.8596,4. 4<x<=5
777,Kenya,2020,Sub-Saharan Africa,121,4.583,0.4764,0.9051,0.5363,0.5192,0.0672,0.3939,1.6849,4. 4<x<=5
778,Armenia,2020,Central and Eastern Europe,116,4.6768,0.8083,1.0346,0.7759,0.3781,0.1046,0.1072,1.4682,4. 4<x<=5
779,Botswana,2020,Sub-Saharan Africa,147,3.4789,0.9975,1.0857,0.4941,0.5091,0.1018,0.0334,0.2572,5. x<4
780,Georgia,2020,Central and Eastern Europe,117,4.6726,0.8472,0.7312,0.6947,0.4855,0.1741,0.0476,1.6924,4. 4<x<=5
781,Malawi,2020,Sub-Saharan Africa,145,3.538,0.1765,0.5304,0.4462,0.4874,0.1316,0.2132,1.5527,5. x<4
782,Sri Lanka,2020,Southern Asia,130,4.327,0.898,1.1949,0.792,0.5286,0.0494,0.2527,0.6113,4. 4<x<=5
783,Cameroon,2020,Sub-Saharan Africa,98,5.0849,0.504,0.8997,0.2702,0.4392,0.0544,0.198,2.7194,3. 5<x<=6
784,Bulgaria,2020,Central and Eastern Europe,96,5.1015,1.0466,1.4606,0.7778,0.4178,0.0,0.1038,1.295,3. 5<x<=6
785,Egypt,2020,Middle East and Northern Africa,138,4.1514,0.8752,0.9825,0.5969,0.3737,0.0955,0.0688,1.1588,4. 4<x<=5
786,Yemen,2020,Middle East and Northern Africa,146,3.5274,0.3927,1.1775,0.415,0.2437,0.0874,0.0947,1.1165,5. x<4
787,Mali,2020,Sub-Saharan Africa,114,4.7293,0.3525,0.9731,0.235,0.3775,0.0621,0.1697,2.5593,4. 4<x<=5
788,Congo,2020,Sub-Saharan Africa,88,5.1944,0.6336,0.7576,0.4581,0.3865,0.1187,0.1172,2.7226,3. 5<x<=6
789,Senegal,2020,Sub-Saharan Africa,101,4.9808,0.5041,0.9546,0.5184,0.3524,0.0819,0.1644,2.4051,4. 4<x<=5
790,Gabon,2020,Sub-Saharan Africa,108,4.8293,0.988,1.1064,0.5226,0.3695,0.0558,0.052,1.735,4. 4<x<=5
791,Niger,2020,Sub-Saharan Africa,103,4.9096,0.1083,0.7038,0.2988,0.4353,0.1376,0.2082,3.0176,4. 4<x<=5
792,Cambodia,2020,Southeastern Asia,106,4.8484,0.5446,1.0714,0.5879,0.6749,0.0728,0.2333,1.6633,4. 4<x<=5
793,Tanzania,2020,Sub-Saharan Africa,148,3.4762,0.4572,0.8727,0.4427,0.5093,0.2039,0.2715,0.719,5. x<4
794,Madagascar,2020,Sub-Saharan Africa,137,4.1656,0.2446,0.8237,0.5006,0.193,0.0762,0.1912,2.1363,4. 4<x<=5
795,Chad,2020,Sub-Saharan Africa,127,4.4227,0.3023,0.7391,0.1087,0.2286,0.0858,0.2108,2.7474,4. 4<x<=5
796,Guinea,2020,Sub-Saharan Africa,102,4.9493,0.39,0.7514,0.3337,0.3719,0.1122,0.2495,2.7407,4. 4<x<=5
797,Côte d'Ivoire,2020,Sub-Saharan Africa,126,4.432,0.3123,1.0523,0.3783,0.4017,0.0638,0.2648,1.9587,4. 4<x<=5
798,Burkina Faso,2020,Sub-Saharan Africa,112,4.7687,0.3025,0.9294,0.3128,0.3224,0.1264,0.1864,2.5888,4. 4<x<=5
799,Afghanistan,2020,Southern Asia,153,2.5669,0.3007,0.3564,0.2661,0.0,0.0012,0.1352,1.5072,5. x<4
800,Rwanda,2020,Sub-Saharan Africa,150,3.3123,0.3432,0.5229,0.5724,0.6041,0.4855,0.2357,0.5484,5. x<4
801,Benin,2020,Sub-Saharan Africa,86,5.216,0.3662,0.3524,0.3281,0.4058,0.1259,0.1967,3.4408,3. 5<x<=6
802,Burundi,2020,Sub-Saharan Africa,140,3.7753,0.0,0.4036,0.2952,0.2754,0.2122,0.1874,2.4015,5. x<4
803,Togo,2020,Sub-Saharan Africa,135,4.1872,0.2681,0.5476,0.3427,0.3035,0.1148,0.2008,2.4096,4. 4<x<=5
804,Switzerland,2021,Western Europe,3,7.571,1.566,1.079,0.816,0.653,0.413,0.204,2.839,1. x>7
805,Iceland,2021,Western Europe,4,7.554,1.482,1.172,0.772,0.698,0.17,0.293,2.967,1. x>7
806,Denmark,2021,Western Europe,2,7.62,1.502,1.108,0.763,0.686,0.485,0.208,2.868,1. x>7
807,Norway,2021,Western Europe,6,7.392,1.543,1.108,0.782,0.703,0.427,0.249,2.58,1. x>7
808,Canada,2021,North America,14,7.103,1.447,1.044,0.798,0.648,0.335,0.246,2.585,1. x>7
809,Finland,2021,Western Europe,1,7.842,1.446,1.106,0.741,0.691,0.481,0.124,3.253,1. x>7
810,Netherlands,2021,Western Europe,5,7.464,1.501,1.079,0.753,0.647,0.384,0.302,2.798,1. x>7
811,Sweden,2021,Western Europe,7,7.363,1.478,1.062,0.763,0.685,0.448,0.244,2.683,1. x>7
812,New Zealand,2021,Australia and New Zealand,9,7.277,1.4,1.094,0.785,0.665,0.445,0.276,2.612,1. x>7
813,Australia,2021,Australia and New Zealand,11,7.183,1.453,1.076,0.801,0.647,0.317,0.291,2.598,1. x>7
814,Israel,2021,Middle East and Northern Africa,12,7.157,1.376,1.074,0.788,0.509,0.119,0.208,3.083,1. x>7
815,Costa Rica,2021,Latin America and Caribbean,16,7.069,1.134,0.966,0.722,0.673,0.083,0.105,3.387,1. x>7
816,Austria,2021,Western Europe,10,7.268,1.492,1.062,0.782,0.64,0.292,0.215,2.784,1. x>7
817,Mexico,2021,Latin America and Caribbean,36,6.317,1.126,0.83,0.634,0.585,0.089,0.092,2.961,2. 6<x<=7
818,United States of America,2021,North America,19,6.951,1.533,1.03,0.621,0.554,0.154,0.252,2.807,2. 6<x<=7
819,Brazil,2021,Latin America and Caribbean,35,6.33,1.028,0.944,0.571,0.514,0.117,0.142,3.015,2. 6<x<=7
820,Luxembourg,2021,Western Europe,8,7.324,1.751,1.003,0.76,0.639,0.353,0.166,2.653,1. x>7
821,Ireland,2021,Western Europe,15,7.085,1.644,1.092,0.753,0.606,0.367,0.238,2.384,1. x>7
822,United Arab Emirates,2021,Middle East and Northern Africa,25,6.561,1.555,0.86,0.594,0.67,0.223,0.236,2.422,2. 6<x<=7
823,United Kingdom,2021,Western Europe,17,7.064,1.423,1.062,0.757,0.58,0.306,0.34,2.596,1. x>7
824,Venezuela,2021,Latin America and Caribbean,107,4.892,0.852,0.897,0.574,0.284,0.072,0.078,2.135,4. 4<x<=5
825,Singapore,2021,Southeastern Asia,32,6.377,1.695,1.019,0.897,0.664,0.547,0.176,1.379,2. 6<x<=7
826,Panama,2021,Latin America and Caribbean,41,6.18,1.298,0.976,0.667,0.596,0.053,0.079,2.509,2. 6<x<=7
827,Germany,2021,Western Europe,13,7.155,1.48,0.993,0.757,0.6,0.306,0.195,2.824,1. x>7
828,Chile,2021,Latin America and Caribbean,43,6.172,1.2,0.946,0.678,0.438,0.07,0.159,2.682,2. 6<x<=7
829,France,2021,Western Europe,21,6.69,1.421,1.081,0.804,0.536,0.235,0.092,2.521,2. 6<x<=7
830,Argentina,2021,Latin America and Caribbean,57,5.929,1.162,0.98,0.646,0.544,0.067,0.069,2.461,3. 5<x<=6
831,Czechia,2021,Central and Eastern Europe,18,6.965,1.37,1.09,0.703,0.58,0.046,0.052,3.124,2. 6<x<=7
832,Uruguay,2021,Latin America and Caribbean,31,6.431,1.164,1.042,0.649,0.625,0.223,0.128,2.6,2. 6<x<=7
833,Colombia,2021,Latin America and Caribbean,52,6.012,1.021,0.866,0.615,0.554,0.063,0.1,2.794,2. 6<x<=7
834,Thailand,2021,Southeastern Asia,54,5.985,1.107,0.957,0.596,0.611,0.028,0.375,2.309,3. 5<x<=6
835,Saudi Arabia,2021,Middle East and Northern Africa,26,6.494,1.435,0.964,0.571,0.603,0.163,0.09,2.668,2. 6<x<=7
836,Spain,2021,Western Europe,27,6.491,1.375,1.057,0.826,0.462,0.124,0.135,2.513,2. 6<x<=7
837,Malta,2021,Western Europe,23,6.602,1.411,1.055,0.747,0.664,0.183,0.275,2.268,2. 6<x<=7
838,Kuwait,2021,Middle East and Northern Africa,47,6.106,1.461,0.857,0.58,0.591,0.13,0.12,2.368,2. 6<x<=7
839,El Salvador,2021,Latin America and Caribbean,49,6.061,0.845,0.675,0.565,0.615,0.16,0.116,3.085,2. 6<x<=7
840,Guatemala,2021,Latin America and Caribbean,30,6.435,0.845,0.79,0.519,0.638,0.105,0.163,3.375,2. 6<x<=7
841,Uzbekistan,2021,Central and Eastern Europe,42,6.179,0.769,1.027,0.528,0.716,0.271,0.391,2.477,2. 6<x<=7
842,Slovakia,2021,Central and Eastern Europe,34,6.331,1.304,1.066,0.653,0.468,0.018,0.107,2.714,2. 6<x<=7
843,Japan,2021,Eastern Asia,56,5.94,1.389,0.949,0.838,0.504,0.192,0.02,2.048,3. 5<x<=6
844,South Korea,2021,Eastern Asia,62,5.845,1.403,0.758,0.801,0.353,0.135,0.134,2.262,3. 5<x<=6
845,Ecuador,2021,Latin America and Caribbean,66,5.764,0.935,0.806,0.64,0.56,0.062,0.107,2.653,3. 5<x<=6
846,Bahrain,2021,Middle East and Northern Africa,22,6.647,1.409,0.899,0.662,0.661,0.139,0.246,2.631,2. 6<x<=7
847,Italy,2021,Western Europe,28,6.483,1.393,0.94,0.798,0.379,0.047,0.133,2.794,2. 6<x<=7
848,Bolivia,2021,Latin America and Caribbean,69,5.716,0.842,0.782,0.486,0.6,0.064,0.138,2.805,3. 5<x<=6
849,Moldova,2021,Central and Eastern Europe,65,5.766,0.985,0.888,0.542,0.536,0.013,0.137,2.665,3. 5<x<=6
850,Paraguay,2021,Latin America and Caribbean,71,5.653,0.983,0.97,0.549,0.602,0.037,0.206,2.306,3. 5<x<=6
851,Kazakhstan,2021,Central and Eastern Europe,45,6.152,1.23,1.103,0.527,0.573,0.132,0.143,2.446,2. 6<x<=7
852,Slovenia,2021,Central and Eastern Europe,29,6.461,1.36,1.093,0.722,0.69,0.085,0.122,2.388,2. 6<x<=7
853,Lithuania,2021,Central and Eastern Europe,38,6.255,1.35,1.065,0.612,0.476,0.073,0.056,2.624,2. 6<x<=7
854,Nicaragua,2021,Latin America and Caribbean,55,5.972,0.693,0.904,0.604,0.553,0.176,0.201,2.841,3. 5<x<=6
855,Peru,2021,Latin America and Caribbean,63,5.84,0.986,0.833,0.623,0.536,0.031,0.087,2.744,3. 5<x<=6
856,Belarus,2021,Central and Eastern Europe,75,5.534,1.124,1.007,0.56,0.326,0.199,0.07,2.247,3. 5<x<=6
857,Poland,2021,Central and Eastern Europe,44,6.166,1.309,0.982,0.668,0.558,0.13,0.08,2.438,2. 6<x<=7
858,Malaysia,2021,Southeastern Asia,81,5.384,1.259,0.797,0.587,0.624,0.064,0.27,1.784,3. 5<x<=6
859,Croatia,2021,Central and Eastern Europe,60,5.882,1.251,1.039,0.703,0.453,0.0,0.111,2.325,3. 5<x<=6
860,Libya,2021,Middle East and Northern Africa,80,5.41,1.044,0.821,0.435,0.474,0.174,0.131,2.331,3. 5<x<=6
861,Russia,2021,Central and Eastern Europe,76,5.477,1.241,0.992,0.511,0.409,0.06,0.115,2.148,3. 5<x<=6
862,Jamaica,2021,Latin America and Caribbean,37,6.309,0.891,0.932,0.599,0.618,0.035,0.099,3.135,2. 6<x<=7
863,Cyprus,2021,Western Europe,39,6.223,1.377,0.765,0.801,0.464,0.061,0.178,2.578,2. 6<x<=7
864,Algeria,2021,Middle East and Northern Africa,109,4.887,0.946,0.765,0.552,0.119,0.12,0.144,2.242,4. 4<x<=5
865,Kosovo,2021,Central and Eastern Europe,33,6.372,0.937,0.807,0.483,0.593,0.014,0.356,3.182,2. 6<x<=7
866,Turkmenistan,2021,Central and Eastern Europe,97,5.066,1.046,1.172,0.439,0.602,0.033,0.366,1.409,3. 5<x<=6
867,Mauritius,2021,Sub-Saharan Africa,50,6.049,1.178,0.996,0.574,0.59,0.096,0.153,2.462,2. 6<x<=7
868,Estonia,2021,Central and Eastern Europe,40,6.189,1.344,1.079,0.64,0.641,0.263,0.119,2.103,2. 6<x<=7
869,Indonesia,2021,Southeastern Asia,82,5.345,0.954,0.786,0.433,0.598,0.046,0.541,1.987,3. 5<x<=6
870,Vietnam,2021,Southeastern Asia,79,5.411,0.817,0.873,0.616,0.679,0.091,0.124,2.211,3. 5<x<=6
871,Turkey,2021,Middle East and Northern Africa,104,4.948,1.26,0.809,0.59,0.236,0.104,0.097,1.852,4. 4<x<=5
872,Kyrgyzstan,2021,Central and Eastern Europe,67,5.744,0.665,0.971,0.501,0.673,0.02,0.266,2.648,3. 5<x<=6
873,Nigeria,2021,Sub-Saharan Africa,116,4.759,0.663,0.625,0.051,0.433,0.039,0.212,2.736,4. 4<x<=5
874,Azerbaijan,2021,Central and Eastern Europe,90,5.171,1.025,0.841,0.541,0.526,0.276,0.043,1.919,3. 5<x<=6
875,Pakistan,2021,Southern Asia,105,4.934,0.637,0.423,0.322,0.418,0.097,0.252,2.784,4. 4<x<=5
876,Jordan,2021,Middle East and Northern Africa,127,4.395,0.89,0.685,0.583,0.455,0.15,0.079,1.553,4. 4<x<=5
877,Montenegro,2021,Central and Eastern Europe,72,5.581,1.155,0.891,0.637,0.397,0.081,0.166,2.254,3. 5<x<=6
878,China,2021,Eastern Asia,84,5.339,1.061,0.785,0.665,0.636,0.117,0.093,1.982,3. 5<x<=6
879,Zambia,2021,Sub-Saharan Africa,137,4.073,0.528,0.552,0.231,0.487,0.074,0.227,1.975,4. 4<x<=5
880,Romania,2021,Central and Eastern Europe,46,6.14,1.275,0.832,0.595,0.564,0.001,0.045,2.83,2. 6<x<=7
881,Serbia,2021,Central and Eastern Europe,48,6.078,1.101,0.924,0.634,0.482,0.066,0.189,2.682,2. 6<x<=7
882,Portugal,2021,Western Europe,58,5.929,1.323,0.939,0.76,0.621,0.033,0.029,2.225,3. 5<x<=6
883,Latvia,2021,Central and Eastern Europe,51,6.032,1.285,1.047,0.587,0.405,0.089,0.082,2.536,2. 6<x<=7
884,Philippines,2021,Southeastern Asia,61,5.88,0.853,0.828,0.426,0.651,0.126,0.125,2.872,3. 5<x<=6
885,Morocco,2021,Middle East and Northern Africa,106,4.918,0.792,0.219,0.558,0.477,0.088,0.034,2.749,4. 4<x<=5
886,Albania,2021,Central and Eastern Europe,93,5.117,1.008,0.529,0.646,0.491,0.024,0.168,2.25,3. 5<x<=6
887,Bosnia and Herz.,2021,Central and Eastern Europe,64,5.813,1.032,0.919,0.618,0.395,0.005,0.261,2.583,3. 5<x<=6
888,Dominican Rep.,2021,Western Europe,20,6.834,1.463,0.998,0.747,0.489,0.187,0.088,2.862,2. 6<x<=7
889,Mongolia,2021,Eastern Asia,70,5.677,0.966,1.065,0.442,0.397,0.053,0.263,2.492,3. 5<x<=6
890,Greece,2021,Western Europe,68,5.723,1.273,0.811,0.76,0.243,0.074,0.0,2.561,3. 5<x<=6
891,Lebanon,2021,Middle East and Northern Africa,123,4.584,1.045,0.868,0.595,0.175,0.026,0.14,1.736,4. 4<x<=5
892,Hungary,2021,Central and Eastern Europe,53,5.992,1.301,1.083,0.615,0.454,0.04,0.067,2.432,3. 5<x<=6
893,Honduras,2021,Latin America and Caribbean,59,5.919,0.703,0.787,0.593,0.578,0.083,0.241,2.934,3. 5<x<=6
894,Tajikistan,2021,Central and Eastern Europe,78,5.466,0.508,0.895,0.498,0.548,0.247,0.152,2.619,3. 5<x<=6
895,Tunisia,2021,Middle East and Northern Africa,122,4.596,0.919,0.515,0.59,0.334,0.044,0.057,2.138,4. 4<x<=5
896,Palestine,2021,Middle East and Northern Africa,125,4.517,0.646,0.819,0.434,0.33,0.075,0.082,2.131,4. 4<x<=5
897,Bangladesh,2021,Southern Asia,101,5.025,0.635,0.52,0.514,0.603,0.164,0.161,2.427,3. 5<x<=6
898,Iran,2021,Middle East and Northern Africa,118,4.721,1.03,0.557,0.561,0.275,0.144,0.33,1.823,4. 4<x<=5
899,Ukraine,2021,Central and Eastern Europe,110,4.875,0.979,0.958,0.517,0.417,0.01,0.181,1.813,4. 4<x<=5
900,Iraq,2021,Middle East and Northern Africa,111,4.854,0.91,0.638,0.381,0.302,0.041,0.153,2.429,4. 4<x<=5
901,South Africa,2021,Sub-Saharan Africa,103,4.956,0.967,0.895,0.265,0.447,0.051,0.144,2.187,4. 4<x<=5
902,Ghana,2021,Sub-Saharan Africa,95,5.088,0.68,0.595,0.287,0.517,0.058,0.268,2.684,3. 5<x<=6
903,Zimbabwe,2021,Sub-Saharan Africa,148,3.145,0.457,0.649,0.243,0.359,0.075,0.157,1.205,5. x<4
904,Liberia,2021,Sub-Saharan Africa,120,4.625,0.228,0.58,0.253,0.43,0.057,0.221,2.857,4. 4<x<=5
905,India,2021,Southern Asia,139,3.819,0.741,0.316,0.383,0.622,0.106,0.246,1.405,5. x<4
906,Haiti,2021,Latin America and Caribbean,143,3.615,0.294,0.173,0.227,0.257,0.139,0.463,2.06,5. x<4
907,Nepal,2021,Southern Asia,87,5.269,0.519,0.702,0.496,0.488,0.135,0.287,2.642,3. 5<x<=6
908,Ethiopia,2021,Sub-Saharan Africa,133,4.275,0.37,0.679,0.331,0.451,0.114,0.241,2.089,4. 4<x<=5
909,Sierra Leone,2021,Sub-Saharan Africa,138,3.849,0.279,0.377,0.1,0.408,0.047,0.243,2.396,5. x<4
910,Mauritania,2021,Sub-Saharan Africa,134,4.227,0.666,0.749,0.273,0.218,0.133,0.119,2.069,4. 4<x<=5
911,Kenya,2021,Sub-Saharan Africa,121,4.607,0.603,0.508,0.385,0.483,0.073,0.375,2.18,4. 4<x<=5
912,Armenia,2021,Central and Eastern Europe,86,5.283,0.996,0.758,0.585,0.54,0.198,0.079,2.127,3. 5<x<=6
913,Botswana,2021,Sub-Saharan Africa,146,3.467,1.099,0.724,0.34,0.539,0.088,0.027,0.648,5. x<4
914,Georgia,2021,Central and Eastern Europe,108,4.891,1.03,0.47,0.498,0.488,0.181,0.032,2.191,4. 4<x<=5
915,Malawi,2021,Sub-Saharan Africa,144,3.6,0.113,0.168,0.298,0.484,0.134,0.213,2.19,5. x<4
916,Sri Lanka,2021,Southern Asia,129,4.325,0.99,0.82,0.593,0.559,0.049,0.239,1.075,4. 4<x<=5
917,Cameroon,2021,Sub-Saharan Africa,91,5.142,0.543,0.556,0.159,0.425,0.058,0.205,3.195,3. 5<x<=6
918,Bulgaria,2021,Central and Eastern Europe,88,5.266,1.181,1.055,0.583,0.494,0.005,0.125,1.823,3. 5<x<=6
919,Egypt,2021,Middle East and Northern Africa,132,4.283,0.954,0.647,0.426,0.446,0.092,0.069,1.648,4. 4<x<=5
920,Yemen,2021,Middle East and Northern Africa,141,3.658,0.329,0.831,0.272,0.268,0.089,0.092,1.776,5. x<4
921,Mali,2021,Sub-Saharan Africa,117,4.723,0.387,0.59,0.11,0.384,0.072,0.164,3.016,4. 4<x<=5
922,Congo,2021,Sub-Saharan Africa,83,5.342,0.518,0.392,0.307,0.381,0.124,0.144,3.476,3. 5<x<=6
923,Senegal,2021,Sub-Saharan Africa,92,5.132,0.518,0.558,0.357,0.381,0.088,0.158,3.071,3. 5<x<=6
924,Gabon,2021,Sub-Saharan Africa,112,4.852,1.037,0.707,0.362,0.424,0.064,0.058,2.201,4. 4<x<=5
925,Niger,2021,Sub-Saharan Africa,96,5.074,0.162,0.402,0.167,0.516,0.157,0.2,3.47,3. 5<x<=6
926,Cambodia,2021,Southeastern Asia,114,4.83,0.603,0.68,0.426,0.702,0.061,0.21,2.148,4. 4<x<=5
927,Tanzania,2021,Sub-Saharan Africa,142,3.623,0.433,0.54,0.3,0.549,0.231,0.307,1.263,5. x<4
928,Madagascar,2021,Sub-Saharan Africa,135,4.208,0.266,0.503,0.341,0.207,0.087,0.185,2.62,4. 4<x<=5
929,Chad,2021,Sub-Saharan Africa,128,4.355,0.255,0.353,0.0,0.24,0.084,0.215,3.209,4. 4<x<=5
930,Guinea,2021,Sub-Saharan Africa,102,4.984,0.42,0.399,0.206,0.384,0.111,0.25,3.216,4. 4<x<=5
931,Côte d'Ivoire,2021,Sub-Saharan Africa,85,5.306,0.669,0.409,0.052,0.438,0.092,0.177,3.469,3. 5<x<=6
932,Burkina Faso,2021,Sub-Saharan Africa,113,4.834,0.364,0.472,0.179,0.381,0.122,0.182,3.133,4. 4<x<=5
933,Afghanistan,2021,Southern Asia,149,2.523,0.37,0.0,0.126,0.0,0.01,0.122,1.895,5. x<4
934,Rwanda,2021,Sub-Saharan Africa,147,3.415,0.364,0.202,0.407,0.627,0.493,0.227,1.095,5. x<4
935,Benin,2021,Sub-Saharan Africa,99,5.045,0.507,0.058,0.196,0.457,0.178,0.166,3.482,3. 5<x<=6
936,Burundi,2021,Sub-Saharan Africa,140,3.775,0.0,0.062,0.155,0.298,0.212,0.172,2.876,5. x<4
937,Togo,2021,Sub-Saharan Africa,136,4.107,0.254,0.239,0.203,0.289,0.107,0.209,2.806,4. 4<x<=5
